occurrence_year,division,homicide_type,occurrence_date,hood_id,day_of_week,season,homicide_count
2004,D53,Other,2004-01-03,97,Saturday,Winter,64
2004,D42,Shooting,2004-01-08,137,Thursday,Winter,64
2004,D42,Shooting,2004-01-08,132,Thursday,Winter,64
2004,D13,Shooting,2004-01-25,93,Sunday,Winter,64
2004,D42,Shooting,2004-01-25,131,Sunday,Winter,64
2004,D31,Stabbing,2004-02-20,26,Friday,Winter,64
2004,D31,Shooting,2004-02-21,26,Saturday,Winter,64
2004,D23,Other,2004-02-21,2,Saturday,Winter,64
2004,D42,Shooting,2004-03-03,132,Wednesday,Spring,64
2004,D41,Shooting,2004-03-04,120,Thursday,Spring,64
2004,D42,Shooting,2004-03-03,129,Wednesday,Spring,64
2004,D41,Stabbing,2004-03-13,137,Saturday,Spring,64
2004,D53,Other,2004-03-18,32,Thursday,Spring,64
2004,D42,Other,2004-03-24,137,Wednesday,Spring,64
2004,D51,Other,2004-04-01,73,Thursday,Spring,64
2004,D23,Shooting,2004-04-13,5,Tuesday,Spring,64
2004,D23,Shooting,2004-05-01,2,Saturday,Spring,64
2004,D54,Shooting,2004-03-03,58,Wednesday,Spring,64
2004,D31,Shooting,2004-05-15,24,Saturday,Spring,64
2004,D22,Stabbing,2004-05-19,20,Wednesday,Spring,64
2004,D51,Shooting,2004-05-21,72,Friday,Spring,64
2004,D23,Other,2004-05-21,3,Friday,Spring,64
2004,D13,Other,2004-05-20,31,Thursday,Spring,64
2004,D11,Other,2004-05-25,86,Tuesday,Spring,64
2004,D51,Other,2004-06-01,73,Tuesday,Summer,64
2004,D14,Shooting,2004-06-04,85,Friday,Summer,64
2004,D51,Stabbing,2004-06-18,73,Friday,Summer,64
2004,D31,Shooting,2004-06-19,23,Saturday,Summer,64
2004,D31,Shooting,2004-07-01,24,Thursday,Summer,64
2004,D41,Stabbing,2004-07-05,121,Monday,Summer,64
2004,D22,Stabbing,2004-07-07,16,Wednesday,Summer,64
2009,D51,Shooting,2009-08-04,17,Tuesday,Summer,62
2004,D31,Stabbing,2004-07-08,113,Thursday,Summer,64
2004,D32,Stabbing,2004-07-09,37,Friday,Summer,64
2004,D33,Shooting,2004-07-21,48,Wednesday,Summer,64
2004,D11,Other,2004-07-23,90,Friday,Summer,64
2004,D51,Shooting,2004-07-24,77,Saturday,Summer,64
2009,D41,Shooting,2009-08-05,124,Wednesday,Summer,62
2004,D11,Other,2004-08-05,93,Thursday,Summer,64
2009,D23,Shooting,2009-08-10,1,Monday,Summer,62
2004,D31,Stabbing,2004-08-18,113,Wednesday,Summer,64
2009,D23,Shooting,2009-08-16,2,Sunday,Summer,62
2004,D13,Stabbing,2004-08-19,108,Thursday,Summer,64
2009,D55,Shooting,2009-09-02,69,Wednesday,Fall,62
2004,D42,Shooting,2004-08-30,134,Monday,Summer,64
2009,D51,Shooting,2009-09-05,77,Saturday,Fall,62
2004,D51,Other,2004-08-30,75,Monday,Summer,64
2009,D33,Shooting,2009-09-07,49,Monday,Fall,62
2004,D31,Stabbing,2004-08-31,22,Tuesday,Summer,64
2004,D23,Shooting,2004-09-05,6,Sunday,Fall,64
2004,D23,Shooting,2004-09-21,1,Tuesday,Fall,64
2004,D11,Other,2004-09-22,27,Wednesday,Fall,64
2004,D55,Other,2004-10-08,70,Friday,Fall,64
2004,D31,Shooting,2004-10-15,28,Friday,Fall,64
2004,D53,Other,2004-10-27,99,Wednesday,Fall,64
2004,D13,Other,2004-11-12,92,Friday,Fall,64
2004,D14,Stabbing,2004-12-01,93,Wednesday,Winter,64
2004,D14,Stabbing,2004-12-01,93,Wednesday,Winter,64
2004,D42,Other,2004-12-02,133,Thursday,Winter,64
2004,D54,Stabbing,2004-12-03,58,Friday,Winter,64
2004,D11,Other,2004-10-21,87,Thursday,Fall,64
2004,D33,Stabbing,2004-12-11,40,Saturday,Winter,64
2004,D14,Stabbing,2004-12-11,78,Saturday,Winter,64
2004,D54,Stabbing,2004-12-12,54,Sunday,Winter,64
2004,D51,Shooting,2004-12-19,75,Sunday,Winter,64
2004,D41,Shooting,2004-12-19,124,Sunday,Winter,64
2004,D54,Shooting,2004-12-20,44,Monday,Winter,64
2004,D42,Stabbing,2004-12-31,123,Friday,Winter,64
2004,D42,Other,2004-07-12,132,Monday,Summer,64
2004,D31,Shooting,2004-05-22,29,Saturday,Spring,64
2005,D42,Stabbing,2005-01-14,130,Friday,Winter,80
2005,D14,Stabbing,2005-01-18,93,Tuesday,Winter,80
2005,D14,Shooting,2005-01-21,82,Friday,Winter,80
2005,D14,Shooting,2005-01-21,82,Friday,Winter,80
2005,D33,Shooting,2005-02-11,126,Friday,Winter,80
2005,D12,Other,2005-02-11,91,Friday,Winter,80
2005,D23,Shooting,2005-02-12,2,Saturday,Winter,80
2005,D41,Shooting,2005-02-15,126,Tuesday,Winter,80
2005,D51,Shooting,2005-02-15,71,Tuesday,Winter,80
2005,D22,Other,2005-02-18,17,Friday,Winter,80
2005,D32,Shooting,2005-02-28,35,Monday,Winter,80
2005,D33,Shooting,2005-03-05,42,Saturday,Spring,80
2005,D22,Stabbing,2005-03-11,16,Friday,Spring,80
2005,D51,Shooting,2005-03-25,75,Friday,Spring,80
2005,D41,Shooting,2005-04-13,122,Wednesday,Spring,80
2005,D11,Shooting,2005-04-18,85,Monday,Spring,80
2005,D52,Other,2005-04-19,77,Tuesday,Spring,80
2005,D31,Shooting,2005-04-24,21,Sunday,Spring,80
2005,D42,Stabbing,2005-05-04,129,Wednesday,Spring,80
2005,D14,Shooting,2005-05-05,83,Thursday,Spring,80
2005,D31,Stabbing,2005-05-05,25,Thursday,Spring,80
2005,D54,Shooting,2005-05-08,69,Sunday,Spring,80
2005,D51,Shooting,2005-05-14,75,Saturday,Spring,80
2005,D41,Shooting,2005-05-15,137,Sunday,Spring,80
2005,D42,Shooting,2005-05-18,136,Wednesday,Spring,80
2005,D31,Stabbing,2005-05-27,25,Friday,Spring,80
2005,D55,Shooting,2005-06-12,62,Sunday,Summer,80
2005,D31,Shooting,2005-06-24,24,Friday,Summer,80
2005,D32,Stabbing,2005-06-25,32,Saturday,Summer,80
2005,D14,Shooting,2005-06-29,93,Wednesday,Summer,80
2005,D23,Shooting,2005-07-06,3,Wednesday,Summer,80
2005,D41,Other,2005-07-17,121,Sunday,Summer,80
2005,D12,Shooting,2005-07-19,111,Tuesday,Summer,80
2005,D33,Other,2005-07-20,45,Wednesday,Summer,80
2005,D42,Other,2005-07-15,136,Friday,Summer,80
2005,D31,Shooting,2005-07-30,32,Saturday,Summer,80
2005,D42,Shooting,2005-07-30,117,Saturday,Summer,80
2009,D41,Other,2009-09-12,120,Saturday,Fall,62
2009,D14,Shooting,2009-10-10,85,Saturday,Fall,62
2009,D51,Other,2009-10-18,75,Sunday,Fall,62
2009,D31,Shooting,2009-10-18,27,Sunday,Fall,62
2009,D13,Shooting,2009-10-30,94,Friday,Fall,62
2009,D54,Shooting,2009-11-02,67,Monday,Fall,62
2009,D31,Shooting,2009-11-03,27,Tuesday,Fall,62
2009,D53,Stabbing,2009-11-04,95,Wednesday,Fall,62
2009,D55,Other,2009-11-07,70,Saturday,Fall,62
2009,D14,Stabbing,2009-11-07,79,Saturday,Fall,62
2010,D55,Other,2010-01-02,70,Saturday,Winter,65
2009,D13,Shooting,2009-11-11,107,Wednesday,Fall,62
2009,D23,Shooting,2009-11-17,6,Tuesday,Fall,62
2009,D52,Shooting,2009-11-22,76,Sunday,Fall,62
2009,D41,Shooting,2009-11-22,127,Sunday,Fall,62
2009,D31,Shooting,2009-12-03,28,Thursday,Winter,62
2009,D51,Other,2009-12-05,71,Saturday,Winter,62
2009,D31,Shooting,2009-12-06,21,Sunday,Winter,62
2009,D31,Shooting,2009-12-07,113,Monday,Winter,62
2009,D31,Shooting,2009-12-09,26,Wednesday,Winter,62
2010,D42,Shooting,2010-01-07,132,Thursday,Winter,65
2009,D11,Stabbing,2009-12-13,114,Sunday,Winter,62
2010,D14,Other,2010-01-24,78,Sunday,Winter,65
2010,D41,Stabbing,2010-01-27,45,Wednesday,Winter,65
2009,D52,Other,2009-12-18,78,Friday,Winter,62
2009,D11,Shooting,2009-12-29,90,Tuesday,Winter,62
2010,D51,Stabbing,2010-02-03,73,Wednesday,Winter,65
2011,D14,Stabbing,2011-01-01,77,Saturday,Winter,51
2011,D41,Shooting,2011-01-05,119,Wednesday,Winter,51
2011,D43,Other,2011-01-06,136,Thursday,Winter,51
2011,D53,Other,2011-01-12,95,Wednesday,Winter,51
2011,D13,Other,2011-01-13,102,Thursday,Winter,51
2011,D51,Other,2011-01-23,75,Sunday,Winter,51
2010,D12,Shooting,2010-02-07,30,Sunday,Winter,65
2011,D31,Shooting,2011-02-01,22,Tuesday,Winter,51
2011,D31,Stabbing,2011-02-05,27,Saturday,Winter,51
2011,D12,Shooting,2011-02-11,112,Friday,Winter,51
2011,D43,Shooting,2011-02-11,137,Friday,Winter,51
2011,D12,Shooting,2011-02-16,113,Wednesday,Winter,51
2011,D42,Shooting,2011-02-26,132,Saturday,Winter,51
2011,D11,Shooting,2011-03-02,114,Wednesday,Spring,51
2011,D14,Other,2011-03-03,93,Thursday,Spring,51
2011,D23,Shooting,2011-03-20,6,Sunday,Spring,51
2011,D11,Other,2011-03-21,85,Monday,Spring,51
2011,D41,Shooting,2011-03-28,124,Monday,Spring,51
2011,D55,Shooting,2011-03-28,63,Monday,Spring,51
2011,D31,Other,2011-04-15,27,Friday,Spring,51
2011,D54,Other,2011-04-06,66,Wednesday,Spring,51
2011,D23,Shooting,2011-04-30,1,Saturday,Spring,51
2011,D42,Shooting,2011-05-26,46,Thursday,Spring,51
2010,D31,Shooting,2010-02-08,28,Monday,Winter,65
2011,D23,Shooting,2011-05-29,1,Sunday,Spring,51
2010,D55,Other,2010-02-15,70,Monday,Winter,65
2010,D43,Other,2010-02-14,138,Sunday,Winter,65
2011,D31,Shooting,2011-06-16,25,Thursday,Summer,51
2011,D33,Stabbing,2011-07-01,43,Friday,Summer,51
2011,D43,Stabbing,2011-07-22,139,Friday,Summer,51
2011,D22,Shooting,2011-07-29,14,Friday,Summer,51
2011,D12,Other,2011-07-29,115,Friday,Summer,51
2011,D12,Shooting,2011-07-31,115,Sunday,Summer,51
2011,D31,Stabbing,2011-08-10,26,Wednesday,Summer,51
2011,D31,Shooting,2011-08-20,26,Saturday,Summer,51
2011,D32,Shooting,2011-08-23,33,Tuesday,Summer,51
2011,D11,Shooting,2011-08-27,114,Saturday,Summer,51
2011,D43,Other,2011-09-11,137,Sunday,Fall,51
2011,D41,Shooting,2011-09-17,120,Saturday,Fall,51
2011,D14,Shooting,2011-10-02,81,Sunday,Fall,51
2010,D43,Shooting,2010-03-11,136,Thursday,Spring,65
2011,D54,Shooting,2011-10-09,43,Sunday,Fall,51
2011,D54,Shooting,2011-10-14,61,Friday,Fall,51
2010,D41,Other,2010-03-13,119,Saturday,Spring,65
2011,D31,Shooting,2011-10-15,24,Saturday,Fall,51
2011,D22,Shooting,2011-10-21,13,Friday,Fall,51
2011,D31,Shooting,2011-10-28,26,Friday,Fall,51
2010,D11,Other,2010-04-04,87,Sunday,Spring,65
2011,D55,Shooting,2011-11-29,70,Tuesday,Fall,51
2011,D32,Stabbing,2011-12-02,50,Friday,Winter,51
2011,D32,Stabbing,2011-12-03,39,Saturday,Winter,51
2010,D51,Other,2010-04-28,73,Wednesday,Spring,65
2011,D43,Shooting,2011-12-30,137,Friday,Winter,51
2011,D14,Stabbing,2011-12-31,78,Saturday,Winter,51
2011,D51,Other,2011-12-26,72,Monday,Winter,51
2011,D12,Other,2011-12-02,113,Friday,Winter,51
2011,D42,Other,2011-02-19,132,Saturday,Winter,51
2010,D13,Shooting,2010-05-03,107,Monday,Spring,65
2010,D42,Stabbing,2010-05-10,117,Monday,Spring,65
2010,D12,Shooting,2010-05-17,110,Monday,Spring,65
2010,D12,Other,2010-05-31,30,Monday,Spring,65
2012,D42,Shooting,2012-01-01,120,Sunday,Winter,57
2012,D14,Stabbing,2012-01-01,82,Sunday,Winter,57
2012,D53,Other,2012-01-01,56,Sunday,Winter,57
2012,D43,Shooting,2012-01-21,120,Saturday,Winter,57
2012,D42,Shooting,2012-01-24,132,Tuesday,Winter,57
2013,D14,Other,2013-01-19,93,Saturday,Winter,57
2016,D51,Other,2016-05-18,75,Wednesday,Spring,75
2013,D33,Other,2013-02-02,47,Saturday,Winter,57
2016,D12,Other,2016-04-17,113,Sunday,Spring,75
2013,D31,Shooting,2013-02-11,25,Monday,Winter,57
2016,D31,Shooting,2016-06-03,22,Friday,Summer,75
2013,D14,Shooting,2013-02-10,82,Sunday,Winter,57
2016,D53,Shooting,2016-06-07,104,Tuesday,Summer,75
2013,D23,Shooting,2013-02-17,2,Sunday,Winter,57
2016,D14,Shooting,2016-07-01,78,Friday,Summer,75
2013,D13,Stabbing,2013-03-04,109,Monday,Spring,57
2016,D14,Shooting,2016-07-01,78,Friday,Summer,75
2013,D23,Other,2013-03-06,4,Wednesday,Spring,57
2016,D11,Other,2016-07-03,84,Sunday,Summer,75
2013,D41,Other,2013-03-13,119,Wednesday,Spring,57
2016,D31,Shooting,2016-07-13,26,Wednesday,Summer,75
2013,D51,Shooting,2013-03-21,73,Thursday,Spring,57
2016,D14,Shooting,2016-09-11,85,Sunday,Fall,75
2016,D51,Other,2016-07-18,75,Monday,Summer,75
2013,D14,Shooting,2013-03-28,77,Thursday,Spring,57
2016,D41,Shooting,2016-07-28,127,Thursday,Summer,75
2013,D51,Other,2013-07-09,73,Tuesday,Summer,57
2016,D51,Stabbing,2016-07-29,75,Friday,Summer,75
2013,D32,Shooting,2013-03-30,31,Saturday,Spring,57
2016,D55,Other,2016-08-09,69,Tuesday,Summer,75
2013,D42,Other,2013-02-06,116,Wednesday,Winter,57
2016,D51,Other,2016-08-15,73,Monday,Summer,75
2013,D32,Other,2013-07-13,36,Saturday,Summer,57
2016,D51,Other,2016-04-19,68,Tuesday,Spring,75
2013,D42,Other,2013-02-06,116,Wednesday,Winter,57
2016,D14,Shooting,2016-08-21,82,Sunday,Summer,75
2013,D51,Other,2013-04-06,72,Saturday,Spring,57
2016,D43,Other,2016-08-25,139,Thursday,Summer,75
2016,D43,Other,2016-08-25,139,Thursday,Summer,75
2016,D43,Other,2016-08-25,139,Thursday,Summer,75
2016,D55,Shooting,2016-08-27,70,Saturday,Summer,75
2016,D31,Stabbing,2016-09-13,27,Tuesday,Fall,75
2016,D43,Stabbing,2016-09-23,127,Friday,Fall,75
2016,D11,Other,2016-09-21,91,Wednesday,Fall,75
2016,D23,Shooting,2016-09-30,1,Friday,Fall,75
2014,D51,Other,2014-01-30,75,Thursday,Winter,58
2016,D12,Shooting,2016-10-16,113,Sunday,Fall,75
2016,D23,Shooting,2016-10-18,1,Tuesday,Fall,75
2016,D23,Shooting,2016-10-24,6,Monday,Fall,75
2016,D43,Shooting,2016-10-27,137,Thursday,Fall,75
2016,D14,Other,2016-11-05,81,Saturday,Fall,75
2016,D33,Shooting,2016-11-18,43,Friday,Fall,75
2016,D31,Shooting,2016-11-19,24,Saturday,Fall,75
2016,D55,Shooting,2016-11-27,70,Sunday,Fall,75
2016,D32,Other,2016-12-03,33,Saturday,Winter,75
2016,D31,Stabbing,2016-12-04,25,Sunday,Winter,75
2016,D54,Shooting,2016-12-07,58,Wednesday,Winter,75
2016,D43,Shooting,2016-12-14,139,Wednesday,Winter,75
2016,D14,Stabbing,2016-12-16,84,Friday,Winter,75
2016,D12,Shooting,2016-12-17,113,Saturday,Winter,75
2016,D23,Shooting,2016-12-18,6,Sunday,Winter,75
2016,D51,Stabbing,2016-12-24,73,Saturday,Winter,75
2017,D51,Shooting,2017-01-08,73,Sunday,Winter,65
2016,D42,Other,2016-02-05,132,Friday,Winter,75
2016,D42,Other,2016-02-05,132,Friday,Winter,75
2016,D42,Other,2016-02-05,132,Friday,Winter,75
2016,D42,Other,2016-02-05,132,Friday,Winter,75
2017,D31,Shooting,2017-01-23,21,Monday,Winter,65
2017,D22,Other,2017-01-26,17,Thursday,Winter,65
2017,D51,Shooting,2017-01-30,73,Monday,Winter,65
2017,D51,Shooting,2017-01-30,72,Monday,Winter,65
2017,D31,Shooting,2017-02-01,25,Wednesday,Winter,65
2017,D54,Shooting,2017-02-05,66,Sunday,Winter,65
2017,D23,Shooting,2017-02-06,5,Monday,Winter,65
2017,D32,Other,2017-02-06,37,Monday,Winter,65
2017,D54,Other,2017-02-16,54,Thursday,Winter,65
2015,D23,Other,2015-01-16,1,Friday,Winter,59
2017,D53,Shooting,2017-02-25,55,Saturday,Winter,65
2016,D23,Shooting,2016-05-15,1,Sunday,Spring,75
2017,D42,Shooting,2017-03-16,131,Thursday,Spring,65
2017,D54,Shooting,2017-03-18,61,Saturday,Spring,65
2017,D11,Shooting,2017-03-31,8,Friday,Spring,65
2017,D42,Shooting,2017-04-14,117,Friday,Spring,65
2017,D55,Shooting,2017-04-14,70,Friday,Spring,65
2017,D13,Shooting,2017-04-21,108,Friday,Spring,65
2017,D55,Other,2017-03-04,68,Saturday,Spring,65
2017,D55,Shooting,2017-05-22,70,Monday,Spring,65
2017,D12,Other,2017-06-07,110,Wednesday,Summer,65
2017,D31,Shooting,2017-06-11,22,Sunday,Summer,65
2017,D11,Stabbing,2017-06-23,93,Friday,Summer,65
2017,D51,Shooting,2017-07-02,72,Sunday,Summer,65
2017,D42,Shooting,2017-07-23,131,Sunday,Summer,65
2017,D42,Shooting,2017-07-23,131,Sunday,Summer,65
2017,D42,Shooting,2017-07-23,132,Sunday,Summer,65
2017,D32,Shooting,2017-07-30,31,Sunday,Summer,65
2017,D51,Shooting,2017-07-31,73,Monday,Summer,65
2017,D13,Shooting,2017-08-01,106,Tuesday,Summer,65
2017,D54,Stabbing,2017-07-31,57,Monday,Summer,65
2017,D31,Stabbing,2017-08-17,25,Thursday,Summer,65
2017,D55,Other,2017-05-22,70,Monday,Spring,65
2017,D14,Shooting,2017-08-20,78,Sunday,Summer,65
2017,D31,Stabbing,2017-08-22,25,Tuesday,Summer,65
2017,D31,Shooting,2017-08-31,26,Thursday,Summer,65
2017,D23,Shooting,2017-09-02,5,Saturday,Fall,65
2017,D43,Stabbing,2017-09-06,138,Wednesday,Fall,65
2017,D33,Stabbing,2017-09-13,53,Wednesday,Fall,65
2017,D41,Shooting,2017-09-14,126,Thursday,Fall,65
2017,D51,Shooting,2017-09-16,72,Saturday,Fall,65
2017,D52,Shooting,2017-09-16,77,Saturday,Fall,65
2017,D41,Stabbing,2017-09-10,122,Sunday,Fall,65
2017,D31,Shooting,2017-09-29,26,Friday,Fall,65
2017,D51,Shooting,2017-10-01,70,Sunday,Fall,65
2017,D51,Shooting,2017-10-01,70,Sunday,Fall,65
2017,D23,Shooting,2017-10-05,6,Thursday,Fall,65
2017,D23,Other,2017-10-04,4,Wednesday,Fall,65
2017,D54,Stabbing,2017-10-07,60,Saturday,Fall,65
2017,D23,Shooting,2017-10-08,6,Sunday,Fall,65
2017,D31,Shooting,2017-10-14,21,Saturday,Fall,65
2017,D53,Stabbing,2017-10-20,55,Friday,Fall,65
2017,D14,Other,2017-10-13,93,Friday,Fall,65
2017,D54,Stabbing,2017-10-28,54,Saturday,Fall,65
2013,D14,Other,2013-07-14,82,Sunday,Summer,57
2013,D42,Shooting,2013-04-25,132,Thursday,Spring,57
2013,D22,Stabbing,2013-07-15,11,Monday,Summer,57
2013,D32,Stabbing,2013-04-25,38,Thursday,Spring,57
2013,D31,Other,2013-04-29,25,Monday,Spring,57
2013,D41,Stabbing,2013-04-30,122,Tuesday,Spring,57
2013,D22,Stabbing,2013-07-15,11,Monday,Summer,57
2013,D22,Stabbing,2013-07-15,11,Monday,Summer,57
2013,D14,Shooting,2013-05-19,81,Sunday,Spring,57
2013,D54,Other,2013-05-16,54,Thursday,Spring,57
2013,D42,Shooting,2013-05-29,131,Wednesday,Spring,57
2013,D42,Other,2013-06-03,129,Monday,Summer,57
2013,D11,Shooting,2013-08-05,87,Monday,Summer,57
2013,D54,Stabbing,2013-06-27,57,Thursday,Summer,57
2013,D23,Shooting,2013-08-12,5,Monday,Summer,57
2013,D31,Shooting,2013-07-28,25,Sunday,Summer,57
2013,D31,Shooting,2013-08-23,25,Friday,Summer,57
2014,D41,Other,2014-01-14,119,Tuesday,Winter,58
2013,D31,Shooting,2013-08-23,25,Friday,Summer,57
2014,D23,Shooting,2014-01-29,8,Wednesday,Winter,58
2014,D43,Other,2014-01-29,137,Wednesday,Winter,58
2014,D54,Stabbing,2014-02-02,54,Sunday,Winter,58
2014,D41,Other,2014-02-03,119,Monday,Winter,58
2014,D32,Shooting,2014-02-04,105,Tuesday,Winter,58
2014,D22,Shooting,2014-02-09,20,Sunday,Winter,58
2014,D23,Stabbing,2014-02-12,2,Wednesday,Winter,58
2014,D54,Shooting,2014-03-08,44,Saturday,Spring,58
2014,D22,Stabbing,2014-03-09,14,Sunday,Spring,58
2013,D12,Shooting,2013-09-03,113,Tuesday,Fall,57
2013,D33,Stabbing,2013-09-12,48,Thursday,Fall,57
2013,D54,Stabbing,2013-09-14,65,Saturday,Fall,57
2013,D23,Shooting,2013-09-17,7,Tuesday,Fall,57
2014,D55,Other,2014-03-12,65,Wednesday,Spring,58
2014,D43,Stabbing,2014-03-15,137,Saturday,Spring,58
2013,D12,Stabbing,2013-09-20,110,Friday,Fall,57
2014,D55,Stabbing,2014-03-15,70,Saturday,Spring,58
2014,D55,Shooting,2014-03-19,62,Wednesday,Spring,58
2014,D55,Shooting,2014-03-19,62,Wednesday,Spring,58
2014,D11,Shooting,2014-03-25,91,Tuesday,Spring,58
2014,D51,Shooting,2014-04-04,71,Friday,Spring,58
2014,D42,Shooting,2014-04-12,131,Saturday,Spring,58
2013,D12,Stabbing,2013-10-13,113,Sunday,Fall,57
2014,D13,Shooting,2014-05-02,108,Friday,Spring,58
2014,D55,Shooting,2014-05-24,65,Saturday,Spring,58
2014,D42,Other,2014-06-10,130,Tuesday,Summer,58
2014,D51,Shooting,2014-07-06,73,Sunday,Summer,58
2014,D32,Shooting,2014-07-08,31,Tuesday,Summer,58
2014,D33,Other,2014-07-15,46,Tuesday,Summer,58
2014,D22,Stabbing,2014-08-09,13,Saturday,Summer,58
2014,D12,Shooting,2014-08-18,111,Monday,Summer,58
2014,D14,Shooting,2014-08-26,77,Tuesday,Summer,58
2014,D14,Other,2014-08-30,80,Saturday,Summer,58
2014,D51,Other,2014-01-03,71,Friday,Winter,58
2014,D51,Other,2014-09-05,71,Friday,Fall,58
2014,D54,Stabbing,2014-09-08,62,Monday,Fall,58
2014,D12,Shooting,2014-09-08,113,Monday,Fall,58
2014,D32,Shooting,2014-09-11,40,Thursday,Fall,58
2014,D22,Other,2014-09-11,14,Thursday,Fall,58
2014,D43,Shooting,2014-09-14,137,Sunday,Fall,58
2014,D33,Other,2014-09-14,47,Sunday,Fall,58
2014,D31,Shooting,2014-09-17,27,Wednesday,Fall,58
2014,D23,Stabbing,2014-09-23,2,Tuesday,Fall,58
2014,D54,Stabbing,2014-09-27,65,Saturday,Fall,58
2014,D43,Shooting,2014-09-29,139,Monday,Fall,58
2014,D13,Stabbing,2014-09-30,107,Tuesday,Fall,58
2014,D12,Shooting,2014-10-05,90,Sunday,Fall,58
2014,D23,Shooting,2014-10-06,6,Monday,Fall,58
2014,D23,Shooting,2014-10-06,6,Monday,Fall,58
2014,D51,Shooting,2014-10-06,72,Monday,Fall,58
2014,D33,Other,2014-10-13,47,Monday,Fall,58
2014,D11,Other,2014-10-15,93,Wednesday,Fall,58
2014,D31,Shooting,2014-10-30,26,Thursday,Fall,58
2014,D12,Shooting,2014-11-06,110,Thursday,Fall,58
2013,D51,Shooting,2013-09-23,73,Monday,Fall,57
2013,D12,Other,2013-05-24,111,Friday,Spring,57
2013,D52,Stabbing,2013-10-06,76,Sunday,Fall,57
2013,D52,Other,2013-10-20,78,Sunday,Fall,57
2013,D51,Other,2013-11-01,72,Friday,Fall,57
2013,D13,Other,2013-11-09,94,Saturday,Fall,57
2013,D55,Shooting,2013-11-10,63,Sunday,Fall,57
2013,D32,Stabbing,2013-11-25,105,Monday,Fall,57
2013,D12,Other,2013-12-26,23,Thursday,Winter,57
2013,D42,Other,2013-12-27,130,Friday,Winter,57
2013,D32,Other,2013-07-04,33,Thursday,Summer,57
2010,D31,Other,2010-05-29,26,Saturday,Spring,65
2008,D43,Shooting,2008-02-01,138,Friday,Winter,70
2006,D52,Shooting,2006-10-27,77,Friday,Fall,70
2012,D11,Shooting,2012-01-27,83,Friday,Winter,57
2012,D32,Shooting,2012-02-20,38,Monday,Winter,57
2012,D32,Shooting,2012-02-20,38,Monday,Winter,57
2012,D42,Other,2012-02-29,117,Wednesday,Winter,57
2012,D32,Other,2012-03-11,51,Sunday,Spring,57
2010,D13,Stabbing,2010-06-12,96,Saturday,Summer,65
2012,D22,Stabbing,2012-03-23,15,Friday,Spring,57
2010,D14,Other,2010-05-08,93,Saturday,Spring,65
2010,D11,Stabbing,2010-05-29,87,Saturday,Spring,65
2010,D22,Other,2010-06-12,18,Saturday,Summer,65
2010,D23,Stabbing,2010-06-29,7,Tuesday,Summer,65
2010,D12,Stabbing,2010-06-30,111,Wednesday,Summer,65
2010,D31,Shooting,2010-07-02,26,Friday,Summer,65
2010,D53,Stabbing,2010-07-02,95,Friday,Summer,65
2012,D12,Shooting,2012-04-12,111,Thursday,Spring,57
2012,D41,Stabbing,2012-04-15,43,Sunday,Spring,57
2012,D11,Other,2012-04-16,88,Monday,Spring,57
2012,D32,Shooting,2012-05-04,32,Friday,Spring,57
2012,D53,Shooting,2012-05-09,100,Wednesday,Spring,57
2012,D41,Other,2012-05-07,121,Monday,Spring,57
2012,D11,Shooting,2012-05-10,114,Thursday,Spring,57
2012,D51,Other,2012-05-14,73,Monday,Spring,57
2012,D43,Shooting,2012-05-31,133,Thursday,Spring,57
2012,D52,Shooting,2012-06-02,76,Saturday,Summer,57
2012,D52,Shooting,2012-06-02,76,Saturday,Summer,57
2012,D14,Shooting,2012-06-18,81,Monday,Summer,57
2012,D41,Shooting,2012-06-22,126,Friday,Summer,57
2012,D32,Shooting,2012-06-23,51,Saturday,Summer,57
2012,D22,Shooting,2012-07-05,14,Thursday,Summer,57
2012,D43,Shooting,2012-07-16,136,Monday,Summer,57
2012,D43,Shooting,2012-07-16,136,Monday,Summer,57
2012,D12,Shooting,2012-07-17,111,Tuesday,Summer,57
2012,D32,Shooting,2012-07-19,32,Thursday,Summer,57
2012,D42,Other,2012-07-22,127,Sunday,Summer,57
2012,D31,Shooting,2012-08-01,24,Wednesday,Summer,57
2012,D42,Other,2012-08-07,132,Tuesday,Summer,57
2012,D55,Other,2012-08-24,120,Friday,Summer,57
2012,D42,Shooting,2012-09-08,132,Saturday,Fall,57
2012,D55,Shooting,2012-09-08,63,Saturday,Fall,57
2012,D23,Shooting,2012-09-16,25,Sunday,Fall,57
2012,D13,Other,2012-09-15,108,Saturday,Fall,57
2012,D23,Shooting,2012-09-18,2,Tuesday,Fall,57
2012,D23,Shooting,2012-09-18,2,Tuesday,Fall,57
2012,D31,Shooting,2012-10-11,24,Thursday,Fall,57
2012,D43,Other,2012-10-17,137,Wednesday,Fall,57
2012,D51,Stabbing,2012-10-23,71,Tuesday,Fall,57
2012,D43,Shooting,2012-10-28,135,Sunday,Fall,57
2012,D32,Shooting,2012-10-29,31,Monday,Fall,57
2012,D14,Stabbing,2012-10-29,85,Monday,Fall,57
2012,D12,Shooting,2012-10-30,115,Tuesday,Fall,57
2012,D14,Shooting,2012-11-11,78,Sunday,Fall,57
2012,D23,Other,2012-11-12,2,Monday,Fall,57
2012,D55,Other,2012-11-14,64,Wednesday,Fall,57
2012,D54,Stabbing,2012-11-17,42,Saturday,Fall,57
2012,D31,Shooting,2012-12-02,26,Sunday,Winter,57
2012,D53,Other,2012-07-02,67,Monday,Summer,57
2012,D51,Stabbing,2012-12-20,71,Thursday,Winter,57
2012,D22,Other,2012-07-03,12,Tuesday,Summer,57
2012,D22,Shooting,2012-11-29,12,Thursday,Fall,57
2010,D41,Shooting,2010-07-06,126,Tuesday,Summer,65
2010,D52,Shooting,2010-07-10,78,Saturday,Summer,65
2010,D41,Stabbing,2010-07-14,127,Wednesday,Summer,65
2010,D54,Shooting,2010-07-13,44,Tuesday,Summer,65
2010,D42,Shooting,2010-07-16,128,Friday,Summer,65
2010,D31,Shooting,2010-07-30,25,Friday,Summer,65
2010,D23,Shooting,2010-07-30,1,Friday,Summer,65
2010,D54,Stabbing,2010-07-31,44,Saturday,Summer,65
2010,D22,Shooting,2010-08-14,14,Saturday,Summer,65
2010,D51,Shooting,2010-08-14,74,Saturday,Summer,65
2010,D32,Shooting,2010-08-24,32,Tuesday,Summer,65
2010,D14,Stabbing,2010-08-27,83,Friday,Summer,65
2010,D43,Shooting,2010-09-10,137,Friday,Fall,65
2010,D31,Shooting,2010-09-12,24,Sunday,Fall,65
2010,D23,Stabbing,2010-09-25,8,Saturday,Fall,65
2010,D51,Other,2010-08-29,90,Sunday,Summer,65
2010,D12,Shooting,2010-09-29,113,Wednesday,Fall,65
2010,D12,Shooting,2010-09-29,113,Wednesday,Fall,65
2010,D14,Shooting,2010-10-04,85,Monday,Fall,65
2010,D41,Other,2010-07-09,43,Friday,Summer,65
2010,D31,Shooting,2010-10-04,24,Monday,Fall,65
2010,D51,Shooting,2010-10-09,72,Saturday,Fall,65
2010,D51,Shooting,2010-10-09,72,Saturday,Fall,65
2010,D41,Shooting,2010-10-17,121,Sunday,Fall,65
2010,D51,Shooting,2010-10-25,72,Monday,Fall,65
2010,D55,Stabbing,2010-10-27,70,Wednesday,Fall,65
2010,D32,Shooting,2010-11-17,37,Wednesday,Fall,65
2010,D33,Shooting,2010-11-20,47,Saturday,Fall,65
2010,D31,Shooting,2010-11-22,25,Monday,Fall,65
2010,D43,Shooting,2010-11-24,137,Wednesday,Fall,65
2010,D52,Other,2010-11-27,77,Saturday,Fall,65
2010,D51,Shooting,2010-11-29,72,Monday,Fall,65
2010,D55,Other,2010-12-02,62,Thursday,Winter,65
2010,D12,Shooting,2010-12-25,111,Saturday,Winter,65
2010,D51,Other,2010-08-08,71,Sunday,Summer,65
2010,D12,Other,2010-09-12,30,Sunday,Fall,65
2010,D43,Other,2010-05-25,137,Tuesday,Spring,65
2013,D31,Stabbing,2013-01-01,27,Tuesday,Winter,57
2013,D51,Shooting,2013-01-18,72,Friday,Winter,57
2013,D23,Other,2013-01-19,7,Saturday,Winter,57
2005,D52,Shooting,2005-07-31,76,Sunday,Summer,80
2005,D23,Shooting,2005-08-03,2,Wednesday,Summer,80
2008,D42,Shooting,2008-02-17,132,Sunday,Winter,70
2008,D43,Shooting,2008-02-22,137,Friday,Winter,70
2005,D42,Shooting,2005-08-05,117,Friday,Summer,80
2008,D14,Other,2008-02-23,81,Saturday,Winter,70
2005,D51,Shooting,2005-08-07,71,Sunday,Summer,80
2008,D32,Other,2008-02-28,33,Thursday,Winter,70
2005,D51,Shooting,2005-08-07,71,Sunday,Summer,80
2008,D32,Shooting,2008-03-14,31,Friday,Spring,70
2005,D23,Shooting,2005-08-13,8,Saturday,Summer,80
2008,D22,Stabbing,2008-03-18,13,Tuesday,Spring,70
2005,D51,Shooting,2005-08-15,74,Monday,Summer,80
2008,D55,Shooting,2008-03-18,70,Tuesday,Spring,70
2005,D54,Shooting,2005-08-16,44,Tuesday,Summer,80
2008,D14,Stabbing,2008-04-17,93,Thursday,Spring,70
2005,D41,Other,2005-08-18,127,Thursday,Summer,80
2008,D43,Stabbing,2008-05-04,139,Sunday,Spring,70
2005,D22,Other,2005-08-20,18,Saturday,Summer,80
2008,D12,Stabbing,2008-04-30,90,Wednesday,Spring,70
2005,D42,Shooting,2005-08-25,139,Thursday,Summer,80
2008,D43,Other,2008-05-04,139,Sunday,Spring,70
2005,D31,Shooting,2005-08-30,25,Tuesday,Summer,80
2008,D33,Stabbing,2008-05-17,42,Saturday,Spring,70
2005,D51,Other,2005-08-31,73,Wednesday,Summer,80
2008,D33,Other,2008-05-17,42,Saturday,Spring,70
2005,D33,Stabbing,2005-09-06,42,Tuesday,Fall,80
2008,D42,Shooting,2008-05-28,132,Wednesday,Spring,70
2005,D31,Shooting,2005-09-08,28,Thursday,Fall,80
2008,D42,Shooting,2008-05-28,118,Wednesday,Spring,70
2005,D14,Shooting,2005-09-09,82,Friday,Fall,80
2008,D54,Shooting,2008-05-30,43,Friday,Spring,70
2005,D31,Shooting,2005-09-10,24,Saturday,Fall,80
2008,D55,Shooting,2008-02-25,62,Monday,Winter,70
2005,D31,Shooting,2005-09-13,25,Tuesday,Fall,80
2008,D14,Shooting,2008-06-13,82,Friday,Summer,70
2005,D14,Shooting,2005-09-16,85,Friday,Fall,80
2008,D14,Shooting,2008-06-13,82,Friday,Summer,70
2005,D23,Shooting,2005-09-16,5,Friday,Fall,80
2005,D23,Shooting,2005-09-16,5,Friday,Fall,80
2005,D23,Shooting,2005-09-16,5,Friday,Fall,80
2005,D54,Other,2005-09-22,58,Thursday,Fall,80
2005,D42,Stabbing,2005-10-01,136,Saturday,Fall,80
2005,D23,Shooting,2005-10-22,2,Saturday,Fall,80
2005,D23,Shooting,2005-10-23,1,Sunday,Fall,80
2005,D23,Shooting,2005-10-23,1,Sunday,Fall,80
2005,D42,Shooting,2005-11-01,117,Tuesday,Fall,80
2005,D13,Shooting,2005-11-09,107,Wednesday,Fall,80
2005,D32,Stabbing,2005-11-12,51,Saturday,Fall,80
2005,D12,Shooting,2005-11-14,91,Monday,Fall,80
2005,D23,Shooting,2005-11-18,1,Friday,Fall,80
2005,D54,Other,2005-11-02,54,Wednesday,Fall,80
2005,D41,Stabbing,2005-11-26,126,Saturday,Fall,80
2005,D11,Shooting,2005-11-29,93,Tuesday,Fall,80
2005,D31,Other,2005-01-26,24,Wednesday,Winter,80
2005,D31,Shooting,2005-12-01,21,Thursday,Winter,80
2005,D14,Other,2005-11-05,85,Saturday,Fall,80
2005,D53,Other,2005-12-16,102,Friday,Winter,80
2005,D31,Shooting,2005-12-23,25,Friday,Winter,80
2005,D52,Shooting,2005-12-26,64,Monday,Winter,80
2005,D32,Stabbing,2005-09-19,33,Monday,Fall,80
2005,D42,Other,2005-01-24,116,Monday,Winter,80
2006,D13,Shooting,2006-01-01,108,Sunday,Winter,70
2006,D32,Other,2006-01-26,39,Thursday,Winter,70
2006,D31,Shooting,2006-02-06,25,Monday,Winter,70
2006,D42,Stabbing,2006-02-09,117,Thursday,Winter,70
2006,D42,Stabbing,2006-02-09,117,Thursday,Winter,70
2006,D42,Stabbing,2006-02-09,117,Thursday,Winter,70
2006,D54,Stabbing,2006-02-08,44,Wednesday,Winter,70
2006,D54,Other,2006-03-02,61,Thursday,Spring,70
2006,D43,Other,2006-03-04,134,Saturday,Spring,70
2006,D31,Shooting,2006-03-12,22,Sunday,Spring,70
2006,D43,Shooting,2006-03-14,139,Tuesday,Spring,70
2006,D51,Shooting,2006-03-20,71,Monday,Spring,70
2006,D12,Shooting,2006-03-27,115,Monday,Spring,70
2006,D31,Shooting,2006-03-27,25,Monday,Spring,70
2006,D31,Other,2006-04-07,22,Friday,Spring,70
2006,D31,Stabbing,2006-04-20,26,Thursday,Spring,70
2006,D33,Stabbing,2006-04-26,47,Wednesday,Spring,70
2006,D54,Shooting,2006-04-29,44,Saturday,Spring,70
2006,D22,Stabbing,2006-04-29,18,Saturday,Spring,70
2006,D54,Stabbing,2006-05-02,65,Tuesday,Spring,70
2006,D52,Stabbing,2006-05-15,78,Monday,Spring,70
2006,D54,Other,2006-05-17,61,Wednesday,Spring,70
2006,D54,Stabbing,2006-11-05,54,Sunday,Fall,70
2006,D13,Other,2006-05-26,106,Friday,Spring,70
2006,D43,Shooting,2006-05-28,137,Sunday,Spring,70
2006,D12,Shooting,2006-06-03,113,Saturday,Summer,70
2006,D31,Stabbing,2006-06-03,26,Saturday,Summer,70
2006,D31,Shooting,2006-06-12,28,Monday,Summer,70
2006,D12,Stabbing,2006-06-13,115,Tuesday,Summer,70
2006,D31,Stabbing,2006-06-22,26,Thursday,Summer,70
2006,D42,Shooting,2006-06-23,132,Friday,Summer,70
2006,D51,Other,2006-06-23,75,Friday,Summer,70
2006,D51,Shooting,2006-06-26,77,Monday,Summer,70
2006,D12,Shooting,2006-07-02,90,Sunday,Summer,70
2006,D22,Shooting,2006-07-05,20,Wednesday,Summer,70
2006,D51,Shooting,2006-07-11,75,Tuesday,Summer,70
2006,D42,Shooting,2006-07-12,131,Wednesday,Summer,70
2006,D12,Shooting,2006-07-12,115,Wednesday,Summer,70
2006,D23,Stabbing,2006-07-14,1,Friday,Summer,70
2006,D54,Stabbing,2006-07-15,54,Saturday,Summer,70
2006,D52,Shooting,2006-07-17,54,Monday,Summer,70
2006,D54,Other,2006-06-02,66,Friday,Summer,70
2006,D42,Other,2006-07-27,132,Thursday,Summer,70
2006,D11,Other,2006-08-05,85,Saturday,Summer,70
2006,D52,Stabbing,2006-09-11,76,Monday,Fall,70
2006,D52,Stabbing,2006-09-11,76,Monday,Fall,70
2006,D42,Shooting,2006-09-14,117,Thursday,Fall,70
2006,D43,Other,2006-09-17,137,Sunday,Fall,70
2006,D14,Shooting,2006-09-17,85,Sunday,Fall,70
2006,D42,Stabbing,2006-09-17,116,Sunday,Fall,70
2006,D41,Other,2006-09-21,122,Thursday,Fall,70
2006,D51,Other,2006-09-22,75,Friday,Fall,70
2006,D31,Shooting,2006-09-25,21,Monday,Fall,70
2006,D54,Shooting,2006-10-09,43,Monday,Fall,70
2006,D41,Other,2006-10-17,119,Tuesday,Fall,70
2006,D43,Stabbing,2006-10-21,135,Saturday,Fall,70
2006,D22,Other,2006-10-27,16,Friday,Fall,70
2006,D51,Stabbing,2006-10-11,71,Wednesday,Fall,70
2008,D12,Shooting,2008-06-15,111,Sunday,Summer,70
2006,D54,Stabbing,2006-11-05,54,Sunday,Fall,70
2008,D41,Other,2008-06-23,120,Monday,Summer,70
2006,D42,Shooting,2006-11-14,132,Tuesday,Fall,70
2008,D54,Other,2008-06-22,54,Sunday,Summer,70
2006,D11,Other,2006-11-25,114,Saturday,Fall,70
2008,D41,Shooting,2008-07-09,119,Wednesday,Summer,70
2006,D14,Shooting,2006-12-03,77,Sunday,Winter,70
2008,D53,Stabbing,2008-07-14,97,Monday,Summer,70
2006,D42,Other,2006-12-03,132,Sunday,Winter,70
2008,D43,Shooting,2008-07-17,135,Thursday,Summer,70
2017,D12,Stabbing,2017-11-14,113,Tuesday,Fall,65
2006,D51,Other,2006-12-20,72,Wednesday,Winter,70
2006,D14,Shooting,2006-12-25,85,Monday,Winter,70
2006,D23,Stabbing,2006-12-26,1,Tuesday,Winter,70
2006,D31,Shooting,2006-12-27,24,Wednesday,Winter,70
2006,D22,Other,2006-10-06,14,Friday,Fall,70
2007,D42,Shooting,2007-01-01,132,Monday,Winter,86
2007,D54,Shooting,2007-01-11,44,Thursday,Winter,86
2007,D12,Other,2007-01-11,113,Thursday,Winter,86
2007,D42,Shooting,2007-01-14,128,Sunday,Winter,86
2007,D12,Stabbing,2007-01-20,111,Saturday,Winter,86
2007,D43,Shooting,2007-02-04,123,Sunday,Winter,86
2007,D31,Stabbing,2007-02-14,26,Wednesday,Winter,86
2007,D41,Stabbing,2007-03-09,120,Friday,Spring,86
2007,D31,Shooting,2007-03-15,22,Thursday,Spring,86
2007,D13,Shooting,2007-03-17,107,Saturday,Spring,86
2007,D32,Other,2007-03-28,51,Wednesday,Spring,86
2007,D31,Stabbing,2007-04-02,25,Monday,Spring,86
2007,D51,Shooting,2007-04-04,71,Wednesday,Spring,86
2007,D22,Shooting,2007-04-05,2,Thursday,Spring,86
2007,D43,Other,2007-04-06,137,Friday,Spring,86
2007,D32,Stabbing,2007-04-09,33,Monday,Spring,86
2007,D43,Shooting,2007-04-12,70,Thursday,Spring,86
2007,D41,Stabbing,2007-04-13,124,Friday,Spring,86
2007,D31,Shooting,2007-04-21,26,Saturday,Spring,86
2007,D54,Stabbing,2007-04-22,68,Sunday,Spring,86
2007,D51,Other,2007-04-29,76,Sunday,Spring,86
2007,D42,Shooting,2007-05-09,131,Wednesday,Spring,86
2007,D23,Other,2007-05-14,5,Monday,Spring,86
2007,D53,Shooting,2007-05-18,99,Friday,Spring,86
2007,D31,Shooting,2007-05-21,22,Monday,Spring,86
2007,D31,Shooting,2007-05-23,42,Wednesday,Spring,86
2007,D14,Shooting,2007-05-20,78,Sunday,Spring,86
2007,D55,Other,2007-05-26,77,Saturday,Spring,86
2007,D33,Stabbing,2007-06-05,45,Tuesday,Summer,86
2007,D23,Shooting,2007-06-09,2,Saturday,Summer,86
2007,D14,Other,2007-05-30,78,Wednesday,Spring,86
2007,D13,Other,2007-06-17,109,Sunday,Summer,86
2007,D43,Other,2007-05-08,135,Tuesday,Spring,86
2007,D42,Stabbing,2007-06-25,131,Monday,Summer,86
2007,D51,Stabbing,2007-06-29,73,Friday,Summer,86
2007,D42,Shooting,2007-07-04,131,Wednesday,Summer,86
2007,D43,Stabbing,2007-07-07,136,Saturday,Summer,86
2007,D32,Shooting,2007-07-03,31,Tuesday,Summer,86
2007,D43,Stabbing,2007-07-17,137,Tuesday,Summer,86
2007,D13,Shooting,2007-07-21,107,Saturday,Summer,86
2007,D31,Shooting,2007-07-22,25,Sunday,Summer,86
2007,D51,Shooting,2007-07-22,74,Sunday,Summer,86
2007,D52,Shooting,2007-07-22,77,Sunday,Summer,86
2007,D42,Shooting,2007-07-28,131,Saturday,Summer,86
2007,D11,Other,2007-07-28,90,Saturday,Summer,86
2007,D23,Shooting,2007-07-30,1,Monday,Summer,86
2007,D43,Stabbing,2007-07-29,138,Sunday,Summer,86
2007,D51,Shooting,2007-08-04,72,Saturday,Summer,86
2007,D14,Stabbing,2007-08-09,82,Thursday,Summer,86
2007,D53,Stabbing,2007-08-22,55,Wednesday,Summer,86
2007,D22,Stabbing,2007-02-22,14,Thursday,Winter,86
2007,D11,Shooting,2007-08-26,121,Sunday,Summer,86
2007,D41,Other,2007-08-22,123,Wednesday,Summer,86
2007,D42,Other,2007-08-31,129,Friday,Summer,86
2007,D41,Stabbing,2007-09-11,126,Tuesday,Fall,86
2007,D13,Other,2007-09-07,107,Friday,Fall,86
2007,D31,Shooting,2007-08-16,24,Thursday,Summer,86
2007,D31,Other,2007-09-11,113,Tuesday,Fall,86
2007,D52,Shooting,2007-09-19,76,Wednesday,Fall,86
2007,D33,Other,2007-09-25,45,Tuesday,Fall,86
2007,D31,Shooting,2007-09-28,25,Friday,Fall,86
2007,D31,Stabbing,2007-10-02,26,Tuesday,Fall,86
2007,D12,Shooting,2007-10-06,111,Saturday,Fall,86
2007,D13,Shooting,2007-10-08,94,Monday,Fall,86
2007,D31,Shooting,2007-10-09,25,Tuesday,Fall,86
2007,D41,Shooting,2007-10-14,119,Sunday,Fall,86
2007,D33,Other,2007-10-18,48,Thursday,Fall,86
2007,D55,Shooting,2007-10-21,68,Sunday,Fall,86
2007,D22,Shooting,2007-10-27,14,Saturday,Fall,86
2007,D41,Other,2007-09-01,120,Saturday,Fall,86
2007,D31,Stabbing,2007-11-03,25,Saturday,Fall,86
2007,D51,Shooting,2007-11-06,73,Tuesday,Fall,86
2007,D42,Shooting,2007-11-23,118,Friday,Fall,86
2007,D42,Shooting,2007-11-23,132,Friday,Fall,86
2007,D54,Stabbing,2007-11-23,54,Friday,Fall,86
2007,D31,Shooting,2007-11-25,24,Sunday,Fall,86
2007,D43,Shooting,2007-11-28,135,Wednesday,Fall,86
2007,D42,Shooting,2007-12-02,132,Sunday,Winter,86
2007,D42,Shooting,2007-12-14,131,Friday,Winter,86
2007,D51,Shooting,2007-12-23,72,Sunday,Winter,86
2007,D23,Stabbing,2007-12-25,2,Tuesday,Winter,86
2007,D43,Stabbing,2007-12-01,127,Saturday,Winter,86
2007,D51,Other,2007-02-11,77,Sunday,Winter,86
2008,D54,Stabbing,2008-01-01,54,Tuesday,Winter,70
2008,D51,Shooting,2008-01-12,76,Saturday,Winter,70
2008,D55,Shooting,2008-01-17,70,Thursday,Winter,70
2008,D31,Shooting,2008-01-22,26,Tuesday,Winter,70
2008,D43,Shooting,2008-02-01,138,Friday,Winter,70
2006,D42,Shooting,2006-07-12,131,Wednesday,Summer,70
2008,D42,Shooting,2008-07-19,131,Saturday,Summer,70
2011,D41,Other,2011-10-17,120,Monday,Fall,51
2017,D42,Shooting,2017-11-21,131,Tuesday,Fall,65
2008,D22,Shooting,2008-07-20,20,Sunday,Summer,70
2011,D14,Other,2011-10-07,84,Friday,Fall,51
2008,D22,Shooting,2008-07-20,20,Sunday,Summer,70
2017,D43,Shooting,2017-12-04,139,Monday,Winter,65
2013,D31,Shooting,2013-02-24,21,Sunday,Winter,57
2008,D22,Shooting,2008-07-20,20,Sunday,Summer,70
2017,D51,Other,2017-11-29,75,Wednesday,Fall,65
2013,D32,Shooting,2013-06-16,51,Sunday,Summer,57
2007,D23,Stabbing,2007-12-25,2,Tuesday,Winter,86
2017,D43,Other,2017-12-06,133,Wednesday,Winter,65
2013,D23,Shooting,2013-11-24,2,Sunday,Fall,57
2007,D42,Stabbing,2007-06-25,131,Monday,Summer,86
2017,D51,Shooting,2017-11-13,73,Monday,Fall,65
2009,D12,Other,2009-05-20,111,Wednesday,Spring,62
2007,D42,Shooting,2007-07-04,131,Wednesday,Summer,86
2017,D42,Other,2017-12-12,132,Tuesday,Winter,65
2014,D53,Stabbing,2014-11-29,55,Saturday,Fall,58
2008,D31,Shooting,2008-07-26,23,Saturday,Summer,70
2017,D51,Shooting,2017-12-16,77,Saturday,Winter,65
2014,D53,Stabbing,2014-11-29,55,Saturday,Fall,58
2008,D12,Shooting,2008-07-27,110,Sunday,Summer,70
2018,D23,Other,2018-01-03,7,Wednesday,Winter,97
2014,D53,Stabbing,2014-11-29,55,Saturday,Fall,58
2008,D51,Stabbing,2008-08-02,73,Saturday,Summer,70
2018,D23,Shooting,2018-01-09,8,Tuesday,Winter,97
2014,D52,Shooting,2014-11-16,76,Sunday,Fall,58
2008,D14,Other,2008-08-03,86,Sunday,Summer,70
2004,D31,Stabbing,2004-02-20,26,Friday,Winter,64
2014,D51,Stabbing,2014-12-01,71,Monday,Winter,58
2008,D55,Stabbing,2008-08-03,64,Sunday,Summer,70
2018,D22,Shooting,2018-01-19,11,Friday,Winter,97
2014,D41,Stabbing,2014-12-04,127,Thursday,Winter,58
2008,D42,Shooting,2008-08-10,128,Sunday,Summer,70
2018,D22,Shooting,2018-01-19,11,Friday,Winter,97
2014,D11,Stabbing,2014-12-09,88,Tuesday,Winter,58
2008,D32,Shooting,2008-08-24,37,Sunday,Summer,70
2018,D51,Stabbing,2018-01-29,76,Monday,Winter,97
2014,D14,Other,2014-12-15,84,Monday,Winter,58
2008,D42,Shooting,2008-08-26,132,Tuesday,Summer,70
2017,D53,Other,2017-12-31,55,Sunday,Winter,65
2015,D51,Stabbing,2015-01-10,75,Saturday,Winter,59
2008,D23,Other,2008-05-28,1,Wednesday,Spring,70
2008,D51,Other,2008-08-22,77,Friday,Summer,70
2008,D33,Stabbing,2008-09-02,52,Tuesday,Fall,70
2008,D12,Shooting,2008-09-08,110,Monday,Fall,70
2008,D31,Stabbing,2008-09-08,22,Monday,Fall,70
2008,D31,Shooting,2008-09-09,29,Tuesday,Fall,70
2008,D31,Shooting,2008-09-16,24,Tuesday,Fall,70
2008,D42,Stabbing,2008-09-16,118,Tuesday,Fall,70
2008,D31,Shooting,2008-09-22,25,Monday,Fall,70
2008,D22,Shooting,2008-10-03,9,Friday,Fall,70
2008,D31,Other,2008-09-24,26,Wednesday,Fall,70
2008,D31,Shooting,2008-10-09,26,Thursday,Fall,70
2008,D14,Other,2008-10-11,82,Saturday,Fall,70
2008,D42,Stabbing,2008-10-13,131,Monday,Fall,70
2008,D42,Stabbing,2008-10-13,131,Monday,Fall,70
2008,D43,Shooting,2008-10-14,139,Tuesday,Fall,70
2008,D55,Shooting,2008-10-25,70,Saturday,Fall,70
2008,D32,Shooting,2008-10-25,33,Saturday,Fall,70
2008,D14,Other,2008-08-28,78,Thursday,Summer,70
2008,D43,Stabbing,2008-11-18,135,Tuesday,Fall,70
2008,D43,Stabbing,2008-11-18,135,Tuesday,Fall,70
2008,D43,Stabbing,2008-11-18,135,Tuesday,Fall,70
2008,D22,Other,2008-11-23,13,Sunday,Fall,70
2008,D33,Shooting,2008-11-26,43,Wednesday,Fall,70
2008,D22,Stabbing,2008-12-03,18,Wednesday,Winter,70
2008,D12,Stabbing,2008-12-06,112,Saturday,Winter,70
2008,D41,Other,2008-12-25,119,Thursday,Winter,70
2009,D31,Shooting,2009-01-03,21,Saturday,Winter,62
2009,D33,Shooting,2009-01-04,42,Sunday,Winter,62
2009,D54,Other,2009-01-06,44,Tuesday,Winter,62
2009,D12,Stabbing,2009-01-16,91,Friday,Winter,62
2009,D12,Shooting,2009-01-20,110,Tuesday,Winter,62
2009,D12,Shooting,2009-02-01,113,Sunday,Winter,62
2009,D41,Shooting,2009-02-10,135,Tuesday,Winter,62
2009,D31,Shooting,2009-02-22,24,Sunday,Winter,62
2009,D41,Other,2009-07-11,126,Saturday,Summer,62
2009,D12,Shooting,2009-02-26,110,Thursday,Winter,62
2009,D41,Shooting,2009-02-28,126,Saturday,Winter,62
2009,D31,Stabbing,2009-03-12,24,Thursday,Spring,62
2009,D41,Stabbing,2009-04-02,124,Thursday,Spring,62
2009,D55,Stabbing,2009-04-17,70,Friday,Spring,62
2009,D12,Shooting,2009-04-21,110,Tuesday,Spring,62
2009,D12,Shooting,2009-04-22,111,Wednesday,Spring,62
2009,D11,Shooting,2009-05-01,114,Friday,Spring,62
2009,D14,Stabbing,2009-05-05,84,Tuesday,Spring,62
2009,D12,Shooting,2009-05-11,111,Monday,Spring,62
2009,D55,Stabbing,2009-05-20,70,Wednesday,Spring,62
2009,D23,Stabbing,2009-05-20,111,Wednesday,Spring,62
2009,D12,Stabbing,2009-06-15,6,Monday,Summer,62
2009,D32,Other,2009-06-17,31,Wednesday,Summer,62
2009,D51,Stabbing,2009-06-21,70,Sunday,Summer,62
2009,D51,Stabbing,2009-06-21,70,Sunday,Summer,62
2009,D55,Other,2009-05-09,65,Saturday,Spring,62
2009,D31,Other,2009-07-07,25,Tuesday,Summer,62
2009,D43,Shooting,2009-07-19,131,Sunday,Summer,62
2009,D42,Stabbing,2009-07-20,118,Monday,Summer,62
2009,D14,Shooting,2009-07-25,79,Saturday,Summer,62
2009,D53,Shooting,2009-08-01,95,Saturday,Summer,62
2009,D23,Shooting,2009-08-02,1,Sunday,Summer,62
2017,D52,Other,2017-12-31,55,Sunday,Winter,65
2016,D53,Other,2016-04-22,55,Friday,Spring,75
2015,D32,Stabbing,2015-01-17,50,Saturday,Winter,59
2017,D33,Other,2017-12-15,40,Friday,Winter,65
2017,D33,Other,2017-12-15,40,Friday,Winter,65
2015,D32,Shooting,2015-01-27,31,Tuesday,Winter,59
2018,D33,Shooting,2018-02-08,52,Thursday,Winter,97
2015,D14,Shooting,2015-01-31,78,Saturday,Winter,59
2018,D43,Shooting,2018-02-15,134,Thursday,Winter,97
2015,D41,Other,2015-02-04,120,Wednesday,Winter,59
2018,D13,Other,2018-02-26,94,Monday,Winter,97
2015,D55,Shooting,2015-02-28,64,Saturday,Winter,59
2018,D31,Shooting,2018-03-02,24,Friday,Spring,97
2015,D55,Shooting,2015-02-28,64,Saturday,Winter,59
2018,D33,Stabbing,2018-03-06,45,Tuesday,Spring,97
2015,D23,Shooting,2015-03-17,6,Tuesday,Spring,59
2018,D23,Shooting,2018-03-10,2,Saturday,Spring,97
2015,D23,Stabbing,2015-03-21,7,Saturday,Spring,59
2018,D23,Shooting,2018-03-16,8,Friday,Spring,97
2015,D22,Other,2015-03-18,17,Wednesday,Spring,59
2018,D32,Shooting,2018-03-17,31,Saturday,Spring,97
2015,D23,Shooting,2015-03-30,2,Monday,Spring,59
2018,D32,Shooting,2018-03-17,31,Saturday,Spring,97
2015,D13,Other,2015-04-14,92,Tuesday,Spring,59
2018,D41,Shooting,2018-04-06,45,Friday,Spring,97
2015,D41,Stabbing,2015-04-23,122,Thursday,Spring,59
2018,D54,Stabbing,2018-04-10,58,Tuesday,Spring,97
2015,D54,Other,2015-04-09,61,Thursday,Spring,59
2018,D41,Stabbing,2018-04-21,124,Saturday,Spring,97
2015,D43,Stabbing,2015-05-08,136,Friday,Spring,59
2018,D32,Other,2018-04-23,38,Monday,Spring,97
2015,D54,Shooting,2015-05-19,65,Tuesday,Spring,59
2015,D11,Other,2015-05-17,93,Sunday,Spring,59
2015,D11,Shooting,2015-05-20,93,Wednesday,Spring,59
2015,D43,Stabbing,2015-05-25,137,Monday,Spring,59
2015,D43,Shooting,2015-06-01,137,Monday,Summer,59
2015,D54,Stabbing,2015-05-30,60,Saturday,Spring,59
2015,D51,Stabbing,2015-06-03,75,Wednesday,Summer,59
2015,D12,Other,2015-06-12,111,Friday,Summer,59
2015,D14,Shooting,2015-06-28,84,Sunday,Summer,59
2015,D14,Shooting,2015-06-28,84,Sunday,Summer,59
2015,D43,Stabbing,2015-07-12,123,Sunday,Summer,59
2015,D13,Other,2015-07-10,93,Friday,Summer,59
2015,D51,Stabbing,2015-08-03,74,Monday,Summer,59
2015,D14,Shooting,2015-08-04,82,Tuesday,Summer,59
2015,D14,Shooting,2015-08-04,82,Tuesday,Summer,59
2015,D12,Stabbing,2015-08-07,91,Friday,Summer,59
2015,D52,Shooting,2015-08-09,76,Sunday,Summer,59
2015,D51,Shooting,2015-08-19,73,Wednesday,Summer,59
2015,D12,Shooting,2015-08-19,28,Wednesday,Summer,59
2015,D23,Shooting,2015-07-09,2,Thursday,Summer,59
2015,D12,Stabbing,2015-09-06,111,Sunday,Fall,59
2015,D43,Stabbing,2015-09-12,136,Saturday,Fall,59
2015,D43,Stabbing,2015-09-22,135,Tuesday,Fall,59
2015,D43,Shooting,2015-10-01,134,Thursday,Fall,59
2015,D23,Shooting,2015-10-17,1,Saturday,Fall,59
2015,D51,Shooting,2015-10-31,76,Saturday,Fall,59
2015,D53,Shooting,2015-11-04,55,Wednesday,Fall,59
2015,D55,Other,2015-11-10,64,Tuesday,Fall,59
2015,D41,Other,2015-11-10,120,Tuesday,Fall,59
2015,D51,Stabbing,2015-11-13,71,Friday,Fall,59
2015,D42,Stabbing,2015-11-13,118,Friday,Fall,59
2015,D23,Shooting,2015-11-17,1,Tuesday,Fall,59
2015,D23,Shooting,2015-11-30,2,Monday,Fall,59
2015,D52,Shooting,2015-12-11,77,Friday,Winter,59
2015,D33,Shooting,2015-12-11,53,Friday,Winter,59
2015,D51,Stabbing,2015-12-15,76,Tuesday,Winter,59
2015,D31,Shooting,2015-12-15,21,Tuesday,Winter,59
2015,D52,Stabbing,2015-12-11,76,Friday,Winter,59
2015,D41,Other,2015-11-28,121,Saturday,Fall,59
2015,D13,Other,2015-12-20,106,Sunday,Winter,59
2015,D53,Other,2015-12-30,100,Wednesday,Winter,59
2016,D54,Shooting,2016-01-04,61,Monday,Winter,75
2016,D32,Other,2016-01-17,50,Sunday,Winter,75
2016,D22,Shooting,2016-01-20,10,Wednesday,Winter,75
2016,D42,Shooting,2016-01-20,117,Wednesday,Winter,75
2016,D22,Shooting,2016-01-19,18,Tuesday,Winter,75
2016,D43,Shooting,2016-01-24,127,Sunday,Winter,75
2016,D13,Shooting,2016-01-29,31,Friday,Winter,75
2016,D14,Shooting,2016-01-31,78,Sunday,Winter,75
2016,D23,Other,2016-01-30,2,Saturday,Winter,75
2016,D14,Shooting,2016-01-31,78,Sunday,Winter,75
2016,D22,Stabbing,2016-02-03,13,Wednesday,Winter,75
2016,D54,Other,2016-02-07,54,Sunday,Winter,75
2016,D12,Stabbing,2016-02-09,113,Tuesday,Winter,75
2016,D41,Stabbing,2016-02-27,120,Saturday,Winter,75
2016,D23,Shooting,2016-02-28,8,Sunday,Winter,75
2016,D11,Shooting,2016-02-29,139,Monday,Winter,75
2016,D43,Other,2016-02-22,139,Monday,Winter,75
2016,D52,Other,2016-03-04,78,Friday,Spring,75
2016,D42,Shooting,2016-03-20,117,Sunday,Spring,75
2016,D12,Other,2016-03-22,23,Tuesday,Spring,75
2016,D55,Shooting,2016-03-23,70,Wednesday,Spring,75
2016,D51,Shooting,2016-04-02,73,Saturday,Spring,75
2016,D31,Other,2016-04-09,27,Saturday,Spring,75
2016,D53,Shooting,2016-04-13,76,Wednesday,Spring,75
2016,D22,Shooting,2016-04-14,17,Thursday,Spring,75
2016,D54,Shooting,2016-04-17,65,Sunday,Spring,75
2016,D41,Shooting,2016-04-29,119,Friday,Spring,75
2016,D41,Shooting,2016-04-29,119,Friday,Spring,75
2016,D23,Shooting,2016-05-15,1,Sunday,Spring,75
2018,D32,Other,2018-04-23,38,Monday,Spring,97
2018,D32,Other,2018-04-23,38,Monday,Spring,97
2018,D32,Other,2018-04-23,38,Monday,Spring,97
2018,D32,Other,2018-04-23,38,Monday,Spring,97
2018,D32,Other,2018-04-23,38,Monday,Spring,97
2018,D32,Other,2018-04-23,38,Monday,Spring,97
2018,D32,Other,2018-04-23,38,Monday,Spring,97
2018,D32,Other,2018-04-23,38,Monday,Spring,97
2018,D32,Other,2018-04-23,38,Monday,Spring,97
2018,D41,Stabbing,2018-05-06,122,Sunday,Spring,97
2018,D22,Shooting,2018-05-07,10,Monday,Spring,97
2018,D43,Shooting,2018-05-20,135,Sunday,Spring,97
2018,D52,Shooting,2018-05-20,76,Sunday,Spring,97
2018,D14,Stabbing,2018-05-23,95,Wednesday,Spring,97
2018,D54,Other,2018-05-25,57,Friday,Spring,97
2018,D55,Stabbing,2018-05-25,62,Friday,Spring,97
2018,D42,Shooting,2018-05-28,132,Monday,Spring,97
2018,D53,Shooting,2018-05-28,95,Monday,Spring,97
2018,D52,Shooting,2018-05-30,76,Wednesday,Spring,97
2018,D22,Shooting,2018-06-05,18,Tuesday,Summer,97
2018,D11,Stabbing,2018-06-09,84,Saturday,Summer,97
2018,D14,Other,2018-06-09,82,Saturday,Summer,97
2018,D11,Other,2018-06-13,86,Wednesday,Summer,97
2018,D41,Stabbing,2018-06-16,123,Saturday,Summer,97
2018,D53,Other,2018-06-18,75,Monday,Summer,97
2018,D32,Shooting,2018-06-24,32,Sunday,Summer,97
2018,D23,Shooting,2018-06-24,3,Sunday,Summer,97
2018,D23,Shooting,2018-06-24,3,Sunday,Summer,97
2018,D23,Stabbing,2018-06-23,1,Saturday,Summer,97
2018,D51,Shooting,2018-06-25,73,Monday,Summer,97
2018,D52,Shooting,2018-06-30,77,Saturday,Summer,97
2018,D52,Shooting,2018-06-30,77,Saturday,Summer,97
2018,D54,Stabbing,2018-07-01,69,Sunday,Summer,97
2018,D14,Shooting,2018-07-01,78,Sunday,Summer,97
2018,D31,Shooting,2018-07-08,24,Sunday,Summer,97
2018,D31,Shooting,2018-07-09,24,Monday,Summer,97
2018,D41,Other,2018-07-05,120,Thursday,Summer,97
2018,D54,Shooting,2018-07-23,68,Monday,Summer,97
2018,D55,Stabbing,2018-07-21,70,Saturday,Summer,97
2018,D54,Shooting,2018-07-23,68,Monday,Summer,97
2018,D31,Shooting,2018-07-25,21,Wednesday,Summer,97
2012,D51,Other,2012-10-18,75,Thursday,Fall,57
2015,D43,Other,2015-10-15,137,Thursday,Fall,59
2010,D52,Other,2010-09-06,55,Monday,Fall,65
2010,D52,Other,2010-12-29,55,Wednesday,Winter,65
2015,D52,Other,2015-12-14,55,Monday,Winter,59
2018,D23,Shooting,2018-08-15,1,Wednesday,Summer,97
2018,D23,Stabbing,2018-08-18,6,Saturday,Summer,97
2018,D22,Stabbing,2018-08-18,14,Saturday,Summer,97
2018,D51,Shooting,2018-08-19,73,Sunday,Summer,97
2018,D54,Shooting,2018-08-22,69,Wednesday,Summer,97
2018,D12,Shooting,2018-08-22,115,Wednesday,Summer,97
2018,D22,Other,2018-08-13,18,Monday,Summer,97
2018,D12,Stabbing,2018-08-24,113,Friday,Summer,97
2018,D42,Other,2018-08-24,129,Friday,Summer,97
2018,D51,Other,2018-08-29,72,Wednesday,Summer,97
2018,D22,Stabbing,2018-08-18,14,Saturday,Summer,97
2018,D41,Shooting,2018-08-31,120,Friday,Summer,97
2018,D42,Shooting,2018-09-02,132,Sunday,Fall,97
2018,D14,Shooting,2018-09-02,82,Sunday,Fall,97
2018,D12,Shooting,2018-09-08,91,Saturday,Fall,97
2018,D11,Other,2018-09-08,86,Saturday,Fall,97
2018,D23,Stabbing,2018-09-11,7,Tuesday,Fall,97
2018,D43,Shooting,2018-09-14,138,Friday,Fall,97
2018,D42,Shooting,2018-09-18,128,Tuesday,Fall,97
2018,D32,Stabbing,2018-09-19,36,Wednesday,Fall,97
2018,D33,Shooting,2018-09-24,53,Monday,Fall,97
2018,D51,Shooting,2018-09-25,72,Tuesday,Fall,97
2018,D31,Shooting,2018-10-02,27,Tuesday,Fall,97
2018,D42,Shooting,2018-10-03,118,Wednesday,Fall,97
2018,D55,Other,2018-10-04,70,Thursday,Fall,97
2018,D31,Shooting,2018-10-11,26,Thursday,Fall,97
2018,D41,Stabbing,2018-10-20,124,Saturday,Fall,97
2018,D41,Other,2018-10-18,120,Thursday,Fall,97
2018,D51,Other,2018-10-12,75,Friday,Fall,97
2018,D31,Shooting,2018-11-14,23,Wednesday,Fall,97
2018,D43,Shooting,2018-11-18,136,Sunday,Fall,97
2018,D51,Other,2018-11-16,73,Friday,Fall,97
2018,D51,Stabbing,2018-12-06,73,Thursday,Winter,97
2018,D23,Shooting,2018-12-12,6,Wednesday,Winter,97
2018,D31,Shooting,2018-12-18,24,Tuesday,Winter,97
2018,D14,Shooting,2018-12-19,77,Wednesday,Winter,97
2018,D23,Shooting,2018-12-21,2,Friday,Winter,97
2019,D41,Stabbing,2019-01-06,124,Sunday,Winter,79
2019,D23,Shooting,2019-01-09,4,Wednesday,Winter,79
2019,D41,Stabbing,2019-01-08,120,Tuesday,Winter,79
2019,D41,Shooting,2019-01-12,126,Saturday,Winter,79
2019,D12,Stabbing,2019-01-24,111,Thursday,Winter,79
2019,D51,Shooting,2019-02-08,73,Friday,Winter,79
2019,D43,Shooting,2019-02-12,136,Tuesday,Winter,79
2019,D23,Shooting,2019-02-13,4,Wednesday,Winter,79
2019,D22,Shooting,2019-02-10,17,Sunday,Winter,79
2019,D23,Shooting,2019-02-24,2,Sunday,Winter,79
2019,D53,Other,2019-03-04,104,Monday,Spring,79
2019,D31,Shooting,2019-03-11,26,Monday,Spring,79
2019,D11,Other,2019-03-13,91,Wednesday,Spring,79
2019,D23,Other,2019-03-18,7,Monday,Spring,79
2019,D11,Shooting,2019-03-19,93,Tuesday,Spring,79
2019,D53,Shooting,2019-03-08,100,Friday,Spring,79
2019,D52,Stabbing,2019-04-10,76,Wednesday,Spring,79
2019,D12,Stabbing,2019-04-15,110,Monday,Spring,79
2019,D13,Shooting,2019-04-21,107,Sunday,Spring,79
2019,D43,Shooting,2019-04-28,135,Sunday,Spring,79
2019,D23,Shooting,2019-05-01,1,Wednesday,Spring,79
2019,D22,Other,2019-04-28,11,Sunday,Spring,79
2019,D31,Shooting,2019-05-03,21,Friday,Spring,79
2019,D43,Stabbing,2019-05-05,140,Sunday,Spring,79
2019,D14,Other,2019-05-21,93,Tuesday,Spring,79
2019,D52,Stabbing,2019-06-08,76,Saturday,Summer,79
2019,D51,Other,2019-06-06,75,Thursday,Summer,79
2019,D43,Shooting,2019-06-27,136,Thursday,Summer,79
2019,D52,Shooting,2019-06-30,77,Sunday,Summer,79
2019,D12,Shooting,2019-06-29,115,Saturday,Summer,79
2019,D12,Shooting,2019-06-29,115,Saturday,Summer,79
2019,D33,Stabbing,2019-06-27,45,Thursday,Summer,79
2019,D51,Other,2019-07-01,73,Monday,Summer,79
2019,D14,Other,2019-07-18,83,Thursday,Summer,79
2019,D12,Shooting,2019-08-02,28,Friday,Summer,79
2019,D13,Stabbing,2019-08-07,94,Wednesday,Summer,79
2019,D54,Shooting,2019-08-09,43,Friday,Summer,79
2019,D11,Shooting,2019-08-16,87,Friday,Summer,79
2019,D12,Shooting,2019-08-21,115,Wednesday,Summer,79
2019,D12,Shooting,2019-08-19,23,Monday,Summer,79
2019,D31,Shooting,2019-08-25,21,Sunday,Summer,79
2019,D31,Other,2019-09-04,26,Wednesday,Fall,79
2019,D43,Other,2019-09-03,127,Tuesday,Fall,79
2019,D42,Other,2019-04-03,118,Wednesday,Spring,79
2019,D43,Stabbing,2019-09-11,134,Wednesday,Fall,79
2019,D13,Shooting,2019-09-16,31,Monday,Fall,79
2019,D42,Shooting,2019-09-19,130,Thursday,Fall,79
2019,D41,Other,2019-09-22,126,Sunday,Fall,79
2019,D22,Shooting,2019-09-24,13,Tuesday,Fall,79
2019,D51,Other,2019-09-24,76,Tuesday,Fall,79
2019,D23,Other,2019-12-11,1,Wednesday,Winter,79
2019,D23,Shooting,2019-09-29,2,Sunday,Fall,79
2019,D31,Shooting,2019-10-01,25,Tuesday,Fall,79
2019,D31,Shooting,2019-10-01,25,Tuesday,Fall,79
2019,D52,Stabbing,2019-10-02,76,Wednesday,Fall,79
2019,D54,Other,2019-10-07,60,Monday,Fall,79
2019,D23,Shooting,2019-10-14,2,Monday,Fall,79
2019,D33,Shooting,2019-10-17,48,Thursday,Fall,79
2019,D11,Shooting,2019-10-19,87,Saturday,Fall,79
2019,D53,Other,2019-10-26,104,Saturday,Fall,79
2019,D53,Stabbing,2019-10-31,95,Thursday,Fall,79
2019,D22,Shooting,2019-11-04,14,Monday,Fall,79
2019,D54,Shooting,2019-11-05,61,Tuesday,Fall,79
2019,D12,Shooting,2019-11-07,113,Thursday,Fall,79
2019,D13,Shooting,2019-11-16,107,Saturday,Fall,79
2019,D43,Shooting,2019-11-23,138,Saturday,Fall,79
2019,D31,Shooting,2019-12-07,21,Saturday,Winter,79
2019,D33,Shooting,2019-12-11,49,Wednesday,Winter,79
2019,D31,Shooting,2019-12-15,26,Sunday,Winter,79
2019,D41,Stabbing,2019-12-10,119,Tuesday,Winter,79
2019,D12,Other,2019-12-20,113,Friday,Winter,79
2019,D14,Other,2019-12-22,79,Sunday,Winter,79
2019,D14,Stabbing,2019-12-23,85,Monday,Winter,79
2019,D51,Stabbing,2019-12-22,73,Sunday,Winter,79
2019,D22,Shooting,2019-12-27,13,Friday,Winter,79
2019,D43,Shooting,2019-12-29,138,Sunday,Winter,79
2020,D51,Shooting,2020-01-01,72,Wednesday,Winter,71
2019,D42,Shooting,2019-12-31,132,Tuesday,Winter,79
2019,D42,Stabbing,2019-12-19,118,Thursday,Winter,79
2020,D43,Shooting,2020-01-11,135,Saturday,Winter,71
2020,D42,Stabbing,2020-01-13,118,Monday,Winter,71
2020,D43,Shooting,2020-01-20,137,Monday,Winter,71
2020,D13,Other,2020-01-20,107,Monday,Winter,71
2020,D43,Shooting,2020-01-25,139,Saturday,Winter,71
2020,D14,Shooting,2020-01-31,77,Friday,Winter,71
2020,D14,Shooting,2020-01-31,77,Friday,Winter,71
2020,D54,Shooting,2020-02-05,65,Wednesday,Winter,71
2018,D41,Other,2018-04-08,119,Sunday,Spring,97
2020,D22,Shooting,2020-02-07,13,Friday,Winter,71
2020,D42,Other,2020-02-21,128,Friday,Winter,71
2020,D32,Stabbing,2020-02-24,26,Monday,Winter,71
2020,D42,Shooting,2020-03-13,128,Friday,Spring,71
2020,D13,Stabbing,2020-03-15,107,Sunday,Spring,71
2020,D41,Shooting,2020-03-18,120,Wednesday,Spring,71
2020,D51,Shooting,2020-03-21,76,Saturday,Spring,71
2020,D12,Other,2020-03-11,115,Wednesday,Spring,71
2020,D42,Other,2020-04-05,117,Sunday,Spring,71
2020,D53,Shooting,2020-04-05,55,Sunday,Spring,71
2020,D13,Shooting,2020-04-08,94,Wednesday,Spring,71
2020,D43,Other,2020-04-05,137,Sunday,Spring,71
2020,D33,Other,2020-04-14,52,Tuesday,Spring,71
2020,D22,Other,2020-04-21,17,Tuesday,Spring,71
2020,D31,Shooting,2020-04-26,25,Sunday,Spring,71
2019,D43,Other,2019-12-11,123,Wednesday,Winter,79
2020,D41,Shooting,2020-05-02,119,Saturday,Spring,71
2020,D53,Other,2020-05-14,104,Thursday,Spring,71
2020,D23,Shooting,2020-05-14,2,Thursday,Spring,71
2020,D42,Shooting,2020-05-17,46,Sunday,Spring,71
2020,D41,Other,2020-05-19,138,Tuesday,Spring,71
2020,D52,Shooting,2020-05-26,77,Tuesday,Spring,71
2020,D23,Shooting,2020-05-30,1,Saturday,Spring,71
2020,D53,Shooting,2020-06-09,55,Tuesday,Summer,71
2020,D13,Shooting,2020-06-19,92,Friday,Summer,71
2020,D51,Stabbing,2020-06-25,71,Thursday,Summer,71
2020,D42,Shooting,2020-07-04,117,Saturday,Summer,71
2020,D12,Shooting,2020-07-10,111,Friday,Summer,71
2020,D43,Shooting,2020-07-10,127,Friday,Summer,71
2020,D51,Other,2020-07-09,73,Thursday,Summer,71
2020,D54,Other,2020-08-03,59,Monday,Summer,71
2020,D14,Stabbing,2020-08-09,81,Sunday,Summer,71
2020,D43,Shooting,2020-08-12,138,Wednesday,Summer,71
2020,D14,Stabbing,2020-08-11,82,Tuesday,Summer,71
2020,D32,Shooting,2020-08-20,51,Thursday,Summer,71
2020,D51,Stabbing,2020-08-26,73,Wednesday,Summer,71
2020,D43,Stabbing,2020-08-22,136,Saturday,Summer,71
2020,D43,Stabbing,2020-08-22,136,Saturday,Summer,71
2020,D31,Shooting,2020-09-02,27,Wednesday,Fall,71
2020,D23,Stabbing,2020-09-07,1,Monday,Fall,71
2020,D11,Shooting,2020-09-10,111,Thursday,Fall,71
2020,D23,Stabbing,2020-09-12,1,Saturday,Fall,71
2020,D12,Stabbing,2020-09-12,113,Saturday,Fall,71
2020,D12,Stabbing,2020-09-12,113,Saturday,Fall,71
2020,D42,Shooting,2020-09-20,132,Sunday,Fall,71
2020,D31,Shooting,2020-09-24,24,Thursday,Fall,71
2020,D23,Shooting,2020-09-27,2,Sunday,Fall,71
2020,D12,Shooting,2020-10-01,113,Thursday,Fall,71
2020,D31,Shooting,2020-10-03,26,Saturday,Fall,71
2020,D32,Shooting,2020-10-07,32,Wednesday,Fall,71
2020,D33,Other,2020-09-28,47,Monday,Fall,71
2020,D41,Shooting,2020-10-25,121,Sunday,Fall,71
2020,D31,Shooting,2020-09-27,24,Sunday,Fall,71
2020,D31,Shooting,2020-11-07,24,Saturday,Fall,71
2020,D43,Stabbing,2020-11-16,131,Monday,Fall,71
2020,D14,Stabbing,2020-11-18,80,Wednesday,Fall,71
2020,D33,Stabbing,2020-11-22,45,Sunday,Fall,71
2020,D13,Shooting,2020-12-02,31,Wednesday,Winter,71
2020,D14,Other,2020-12-06,83,Sunday,Winter,71
2020,D52,Other,2020-12-08,81,Tuesday,Winter,71
2020,D55,Stabbing,2020-12-08,65,Tuesday,Winter,71
2020,D53,Other,2020-12-18,104,Friday,Winter,71
2020,D33,Stabbing,2020-12-21,47,Monday,Winter,71
