occurrence_year,division,homicide_type,occurrence_date,hood_id,day_of_week,weekend,season,homicide_count
2004,D53,Other,2004-01-03T00:00:00Z,97,Saturday,TRUE,Winter,64
2004,D42,Shooting,2004-01-08T00:00:00Z,137,Thursday,FALSE,Winter,64
2004,D42,Shooting,2004-01-08T00:00:00Z,132,Thursday,FALSE,Winter,64
2004,D13,Shooting,2004-01-25T00:00:00Z,93,Sunday,TRUE,Winter,64
2004,D42,Shooting,2004-01-25T00:00:00Z,131,Sunday,TRUE,Winter,64
2004,D31,Stabbing,2004-02-20T00:00:00Z,26,Friday,FALSE,Winter,64
2004,D31,Shooting,2004-02-21T00:00:00Z,26,Saturday,TRUE,Winter,64
2004,D23,Other,2004-02-21T00:00:00Z,2,Saturday,TRUE,Winter,64
2004,D42,Shooting,2004-03-03T00:00:00Z,132,Wednesday,FALSE,Spring,64
2004,D41,Shooting,2004-03-04T00:00:00Z,120,Thursday,FALSE,Spring,64
2004,D42,Shooting,2004-03-03T00:00:00Z,129,Wednesday,FALSE,Spring,64
2004,D41,Stabbing,2004-03-13T00:00:00Z,137,Saturday,TRUE,Spring,64
2004,D53,Other,2004-03-18T01:00:00Z,32,Thursday,FALSE,Spring,64
2004,D42,Other,2004-03-24T01:00:00Z,137,Wednesday,FALSE,Spring,64
2004,D51,Other,2004-04-01T01:00:00Z,73,Thursday,FALSE,Spring,64
2004,D23,Shooting,2004-04-13T00:00:00Z,5,Tuesday,FALSE,Spring,64
2004,D23,Shooting,2004-05-01T00:00:00Z,2,Saturday,TRUE,Spring,64
2004,D54,Shooting,2004-03-03T00:00:00Z,58,Wednesday,FALSE,Spring,64
2004,D31,Shooting,2004-05-15T00:00:00Z,24,Saturday,TRUE,Spring,64
2004,D22,Stabbing,2004-05-19T00:00:00Z,20,Wednesday,FALSE,Spring,64
2004,D51,Shooting,2004-05-21T00:00:00Z,72,Friday,FALSE,Spring,64
2004,D23,Other,2004-05-21T00:00:00Z,3,Friday,FALSE,Spring,64
2004,D13,Other,2004-05-20T00:00:00Z,31,Thursday,FALSE,Spring,64
2004,D11,Other,2004-05-25T00:00:00Z,86,Tuesday,FALSE,Spring,64
2004,D51,Other,2004-06-01T00:00:00Z,73,Tuesday,FALSE,Summer,64
2004,D14,Shooting,2004-06-04T00:00:00Z,85,Friday,FALSE,Summer,64
2004,D51,Stabbing,2004-06-18T00:00:00Z,73,Friday,FALSE,Summer,64
2004,D31,Shooting,2004-06-19T00:00:00Z,23,Saturday,TRUE,Summer,64
2004,D31,Shooting,2004-07-01T00:00:00Z,24,Thursday,FALSE,Summer,64
2004,D41,Stabbing,2004-07-05T00:00:00Z,121,Monday,FALSE,Summer,64
2004,D22,Stabbing,2004-07-07T00:00:00Z,16,Wednesday,FALSE,Summer,64
2009,D51,Shooting,2009-08-04T00:00:00Z,17,Tuesday,FALSE,Summer,62
2004,D31,Stabbing,2004-07-08T00:00:00Z,113,Thursday,FALSE,Summer,64
2004,D32,Stabbing,2004-07-09T00:00:00Z,37,Friday,FALSE,Summer,64
2004,D33,Shooting,2004-07-21T00:00:00Z,48,Wednesday,FALSE,Summer,64
2004,D11,Other,2004-07-23T00:00:00Z,90,Friday,FALSE,Summer,64
2004,D51,Shooting,2004-07-24T00:00:00Z,77,Saturday,TRUE,Summer,64
2009,D41,Shooting,2009-08-05T00:00:00Z,124,Wednesday,FALSE,Summer,62
2004,D11,Other,2004-08-05T00:00:00Z,93,Thursday,FALSE,Summer,64
2009,D23,Shooting,2009-08-10T00:00:00Z,1,Monday,FALSE,Summer,62
2004,D31,Stabbing,2004-08-18T00:00:00Z,113,Wednesday,FALSE,Summer,64
2009,D23,Shooting,2009-08-16T00:00:00Z,2,Sunday,TRUE,Summer,62
2004,D13,Stabbing,2004-08-19T00:00:00Z,108,Thursday,FALSE,Summer,64
2009,D55,Shooting,2009-09-02T00:00:00Z,69,Wednesday,FALSE,Fall,62
2004,D42,Shooting,2004-08-30T00:00:00Z,134,Monday,FALSE,Summer,64
2009,D51,Shooting,2009-09-05T00:00:00Z,77,Saturday,TRUE,Fall,62
2004,D51,Other,2004-08-30T00:00:00Z,75,Monday,FALSE,Summer,64
2009,D33,Shooting,2009-09-07T00:00:00Z,49,Monday,FALSE,Fall,62
2004,D31,Stabbing,2004-08-31T00:00:00Z,22,Tuesday,FALSE,Summer,64
2004,D23,Shooting,2004-09-05T00:00:00Z,6,Sunday,TRUE,Fall,64
2004,D23,Shooting,2004-09-21T00:00:00Z,1,Tuesday,FALSE,Fall,64
2004,D11,Other,2004-09-22T00:00:00Z,27,Wednesday,FALSE,Fall,64
2004,D55,Other,2004-10-08T00:00:00Z,70,Friday,FALSE,Fall,64
2004,D31,Shooting,2004-10-15T00:00:00Z,28,Friday,FALSE,Fall,64
2004,D53,Other,2004-10-27T00:00:00Z,99,Wednesday,FALSE,Fall,64
2004,D13,Other,2004-11-12T00:00:00Z,92,Friday,FALSE,Fall,64
2004,D14,Stabbing,2004-12-01T00:00:00Z,93,Wednesday,FALSE,Winter,64
2004,D14,Stabbing,2004-12-01T00:00:00Z,93,Wednesday,FALSE,Winter,64
2004,D42,Other,2004-12-02T00:00:00Z,133,Thursday,FALSE,Winter,64
2004,D54,Stabbing,2004-12-03T00:00:00Z,58,Friday,FALSE,Winter,64
2004,D11,Other,2004-10-21T00:00:00Z,87,Thursday,FALSE,Fall,64
2004,D33,Stabbing,2004-12-11T00:00:00Z,40,Saturday,TRUE,Winter,64
2004,D14,Stabbing,2004-12-11T00:00:00Z,78,Saturday,TRUE,Winter,64
2004,D54,Stabbing,2004-12-12T00:00:00Z,54,Sunday,TRUE,Winter,64
2004,D51,Shooting,2004-12-19T00:00:00Z,75,Sunday,TRUE,Winter,64
2004,D41,Shooting,2004-12-19T00:00:00Z,124,Sunday,TRUE,Winter,64
2004,D54,Shooting,2004-12-20T00:00:00Z,44,Monday,FALSE,Winter,64
2004,D42,Stabbing,2004-12-31T00:00:00Z,123,Friday,FALSE,Winter,64
2004,D42,Other,2004-07-12T00:00:00Z,132,Monday,FALSE,Summer,64
2004,D31,Shooting,2004-05-22T00:00:00Z,29,Saturday,TRUE,Spring,64
2005,D42,Stabbing,2005-01-14T00:00:00Z,130,Friday,FALSE,Winter,80
2005,D14,Stabbing,2005-01-18T00:00:00Z,93,Tuesday,FALSE,Winter,80
2005,D14,Shooting,2005-01-21T00:00:00Z,82,Friday,FALSE,Winter,80
2005,D14,Shooting,2005-01-21T00:00:00Z,82,Friday,FALSE,Winter,80
2005,D33,Shooting,2005-02-11T00:00:00Z,126,Friday,FALSE,Winter,80
2005,D12,Other,2005-02-11T00:00:00Z,91,Friday,FALSE,Winter,80
2005,D23,Shooting,2005-02-12T00:00:00Z,2,Saturday,TRUE,Winter,80
2005,D41,Shooting,2005-02-15T00:00:00Z,126,Tuesday,FALSE,Winter,80
2005,D51,Shooting,2005-02-15T00:00:00Z,71,Tuesday,FALSE,Winter,80
2005,D22,Other,2005-02-18T00:00:00Z,17,Friday,FALSE,Winter,80
2005,D32,Shooting,2005-02-28T00:00:00Z,35,Monday,FALSE,Winter,80
2005,D33,Shooting,2005-03-05T00:00:00Z,42,Saturday,TRUE,Spring,80
2005,D22,Stabbing,2005-03-11T00:00:00Z,16,Friday,FALSE,Spring,80
2005,D51,Shooting,2005-03-25T01:00:00Z,75,Friday,FALSE,Spring,80
2005,D41,Shooting,2005-04-13T00:00:00Z,122,Wednesday,FALSE,Spring,80
2005,D11,Shooting,2005-04-18T00:00:00Z,85,Monday,FALSE,Spring,80
2005,D52,Other,2005-04-19T00:00:00Z,77,Tuesday,FALSE,Spring,80
2005,D31,Shooting,2005-04-24T00:00:00Z,21,Sunday,TRUE,Spring,80
2005,D42,Stabbing,2005-05-04T00:00:00Z,129,Wednesday,FALSE,Spring,80
2005,D14,Shooting,2005-05-05T00:00:00Z,83,Thursday,FALSE,Spring,80
2005,D31,Stabbing,2005-05-05T00:00:00Z,25,Thursday,FALSE,Spring,80
2005,D54,Shooting,2005-05-08T00:00:00Z,69,Sunday,TRUE,Spring,80
2005,D51,Shooting,2005-05-14T00:00:00Z,75,Saturday,TRUE,Spring,80
2005,D41,Shooting,2005-05-15T00:00:00Z,137,Sunday,TRUE,Spring,80
2005,D42,Shooting,2005-05-18T00:00:00Z,136,Wednesday,FALSE,Spring,80
2005,D31,Stabbing,2005-05-27T00:00:00Z,25,Friday,FALSE,Spring,80
2005,D55,Shooting,2005-06-12T00:00:00Z,62,Sunday,TRUE,Summer,80
2005,D31,Shooting,2005-06-24T00:00:00Z,24,Friday,FALSE,Summer,80
2005,D32,Stabbing,2005-06-25T00:00:00Z,32,Saturday,TRUE,Summer,80
2005,D14,Shooting,2005-06-29T00:00:00Z,93,Wednesday,FALSE,Summer,80
2005,D23,Shooting,2005-07-06T00:00:00Z,3,Wednesday,FALSE,Summer,80
2005,D41,Other,2005-07-17T00:00:00Z,121,Sunday,TRUE,Summer,80
2005,D12,Shooting,2005-07-19T00:00:00Z,111,Tuesday,FALSE,Summer,80
2005,D33,Other,2005-07-20T00:00:00Z,45,Wednesday,FALSE,Summer,80
2005,D42,Other,2005-07-15T00:00:00Z,136,Friday,FALSE,Summer,80
2005,D31,Shooting,2005-07-30T00:00:00Z,32,Saturday,TRUE,Summer,80
2005,D42,Shooting,2005-07-30T00:00:00Z,117,Saturday,TRUE,Summer,80
2009,D41,Other,2009-09-12T00:00:00Z,120,Saturday,TRUE,Fall,62
2009,D14,Shooting,2009-10-10T00:00:00Z,85,Saturday,TRUE,Fall,62
2009,D51,Other,2009-10-18T00:00:00Z,75,Sunday,TRUE,Fall,62
2009,D31,Shooting,2009-10-18T00:00:00Z,27,Sunday,TRUE,Fall,62
2009,D13,Shooting,2009-10-30T00:00:00Z,94,Friday,FALSE,Fall,62
2009,D54,Shooting,2009-11-02T00:00:00Z,67,Monday,FALSE,Fall,62
2009,D31,Shooting,2009-11-03T00:00:00Z,27,Tuesday,FALSE,Fall,62
2009,D53,Stabbing,2009-11-04T00:00:00Z,95,Wednesday,FALSE,Fall,62
2009,D55,Other,2009-11-07T00:00:00Z,70,Saturday,TRUE,Fall,62
2009,D14,Stabbing,2009-11-07T00:00:00Z,79,Saturday,TRUE,Fall,62
2010,D55,Other,2010-01-02T00:00:00Z,70,Saturday,TRUE,Winter,65
2009,D13,Shooting,2009-11-11T00:00:00Z,107,Wednesday,FALSE,Fall,62
2009,D23,Shooting,2009-11-17T00:00:00Z,6,Tuesday,FALSE,Fall,62
2009,D52,Shooting,2009-11-22T00:00:00Z,76,Sunday,TRUE,Fall,62
2009,D41,Shooting,2009-11-22T00:00:00Z,127,Sunday,TRUE,Fall,62
2009,D31,Shooting,2009-12-03T00:00:00Z,28,Thursday,FALSE,Winter,62
2009,D51,Other,2009-12-05T00:00:00Z,71,Saturday,TRUE,Winter,62
2009,D31,Shooting,2009-12-06T00:00:00Z,21,Sunday,TRUE,Winter,62
2009,D31,Shooting,2009-12-07T00:00:00Z,113,Monday,FALSE,Winter,62
2009,D31,Shooting,2009-12-09T00:00:00Z,26,Wednesday,FALSE,Winter,62
2010,D42,Shooting,2010-01-07T00:00:00Z,132,Thursday,FALSE,Winter,65
2009,D11,Stabbing,2009-12-13T00:00:00Z,114,Sunday,TRUE,Winter,62
2010,D14,Other,2010-01-24T00:00:00Z,78,Sunday,TRUE,Winter,65
2010,D41,Stabbing,2010-01-27T00:00:00Z,45,Wednesday,FALSE,Winter,65
2009,D52,Other,2009-12-18T00:00:00Z,78,Friday,FALSE,Winter,62
2009,D11,Shooting,2009-12-29T00:00:00Z,90,Tuesday,FALSE,Winter,62
2010,D51,Stabbing,2010-02-03T00:00:00Z,73,Wednesday,FALSE,Winter,65
2011,D14,Stabbing,2011-01-01T00:00:00Z,77,Saturday,TRUE,Winter,51
2011,D41,Shooting,2011-01-05T00:00:00Z,119,Wednesday,FALSE,Winter,51
2011,D43,Other,2011-01-06T00:00:00Z,136,Thursday,FALSE,Winter,51
2011,D53,Other,2011-01-12T00:00:00Z,95,Wednesday,FALSE,Winter,51
2011,D13,Other,2011-01-13T00:00:00Z,102,Thursday,FALSE,Winter,51
2011,D51,Other,2011-01-23T00:00:00Z,75,Sunday,TRUE,Winter,51
2010,D12,Shooting,2010-02-07T00:00:00Z,30,Sunday,TRUE,Winter,65
2011,D31,Shooting,2011-02-01T00:00:00Z,22,Tuesday,FALSE,Winter,51
2011,D31,Stabbing,2011-02-05T00:00:00Z,27,Saturday,TRUE,Winter,51
2011,D12,Shooting,2011-02-11T00:00:00Z,112,Friday,FALSE,Winter,51
2011,D43,Shooting,2011-02-11T00:00:00Z,137,Friday,FALSE,Winter,51
2011,D12,Shooting,2011-02-16T00:00:00Z,113,Wednesday,FALSE,Winter,51
2011,D42,Shooting,2011-02-26T00:00:00Z,132,Saturday,TRUE,Winter,51
2011,D11,Shooting,2011-03-02T00:00:00Z,114,Wednesday,FALSE,Spring,51
2011,D14,Other,2011-03-03T00:00:00Z,93,Thursday,FALSE,Spring,51
2011,D23,Shooting,2011-03-20T00:00:00Z,6,Sunday,TRUE,Spring,51
2011,D11,Other,2011-03-21T00:00:00Z,85,Monday,FALSE,Spring,51
2011,D41,Shooting,2011-03-28T00:00:00Z,124,Monday,FALSE,Spring,51
2011,D55,Shooting,2011-03-28T00:00:00Z,63,Monday,FALSE,Spring,51
2011,D31,Other,2011-04-15T00:00:00Z,27,Friday,FALSE,Spring,51
2011,D54,Other,2011-04-06T00:00:00Z,66,Wednesday,FALSE,Spring,51
2011,D23,Shooting,2011-04-30T00:00:00Z,1,Saturday,TRUE,Spring,51
2011,D42,Shooting,2011-05-26T00:00:00Z,46,Thursday,FALSE,Spring,51
2010,D31,Shooting,2010-02-08T00:00:00Z,28,Monday,FALSE,Winter,65
2011,D23,Shooting,2011-05-29T00:00:00Z,1,Sunday,TRUE,Spring,51
2010,D55,Other,2010-02-15T00:00:00Z,70,Monday,FALSE,Winter,65
2010,D43,Other,2010-02-14T00:00:00Z,138,Sunday,TRUE,Winter,65
2011,D31,Shooting,2011-06-16T00:00:00Z,25,Thursday,FALSE,Summer,51
2011,D33,Stabbing,2011-07-01T00:00:00Z,43,Friday,FALSE,Summer,51
2011,D43,Stabbing,2011-07-22T00:00:00Z,139,Friday,FALSE,Summer,51
2011,D22,Shooting,2011-07-29T00:00:00Z,14,Friday,FALSE,Summer,51
2011,D12,Other,2011-07-29T00:00:00Z,115,Friday,FALSE,Summer,51
2011,D12,Shooting,2011-07-31T00:00:00Z,115,Sunday,TRUE,Summer,51
2011,D31,Stabbing,2011-08-10T00:00:00Z,26,Wednesday,FALSE,Summer,51
2011,D31,Shooting,2011-08-20T00:00:00Z,26,Saturday,TRUE,Summer,51
2011,D32,Shooting,2011-08-23T00:00:00Z,33,Tuesday,FALSE,Summer,51
2011,D11,Shooting,2011-08-27T00:00:00Z,114,Saturday,TRUE,Summer,51
2011,D43,Other,2011-09-11T00:00:00Z,137,Sunday,TRUE,Fall,51
2011,D41,Shooting,2011-09-17T00:00:00Z,120,Saturday,TRUE,Fall,51
2011,D14,Shooting,2011-10-02T00:00:00Z,81,Sunday,TRUE,Fall,51
2010,D43,Shooting,2010-03-11T00:00:00Z,136,Thursday,FALSE,Spring,65
2011,D54,Shooting,2011-10-09T00:00:00Z,43,Sunday,TRUE,Fall,51
2011,D54,Shooting,2011-10-14T00:00:00Z,61,Friday,FALSE,Fall,51
2010,D41,Other,2010-03-13T00:00:00Z,119,Saturday,TRUE,Spring,65
2011,D31,Shooting,2011-10-15T00:00:00Z,24,Saturday,TRUE,Fall,51
2011,D22,Shooting,2011-10-21T00:00:00Z,13,Friday,FALSE,Fall,51
2011,D31,Shooting,2011-10-28T00:00:00Z,26,Friday,FALSE,Fall,51
2010,D11,Other,2010-04-04T00:00:00Z,87,Sunday,TRUE,Spring,65
2011,D55,Shooting,2011-11-29T00:00:00Z,70,Tuesday,FALSE,Fall,51
2011,D32,Stabbing,2011-12-02T00:00:00Z,50,Friday,FALSE,Winter,51
2011,D32,Stabbing,2011-12-03T00:00:00Z,39,Saturday,TRUE,Winter,51
2010,D51,Other,2010-04-28T00:00:00Z,73,Wednesday,FALSE,Spring,65
2011,D43,Shooting,2011-12-30T00:00:00Z,137,Friday,FALSE,Winter,51
2011,D14,Stabbing,2011-12-31T00:00:00Z,78,Saturday,TRUE,Winter,51
2011,D51,Other,2011-12-26T00:00:00Z,72,Monday,FALSE,Winter,51
2011,D12,Other,2011-12-02T00:00:00Z,113,Friday,FALSE,Winter,51
2011,D42,Other,2011-02-19T00:00:00Z,132,Saturday,TRUE,Winter,51
2010,D13,Shooting,2010-05-03T00:00:00Z,107,Monday,FALSE,Spring,65
2010,D42,Stabbing,2010-05-10T00:00:00Z,117,Monday,FALSE,Spring,65
2010,D12,Shooting,2010-05-17T00:00:00Z,110,Monday,FALSE,Spring,65
2010,D12,Other,2010-05-31T00:00:00Z,30,Monday,FALSE,Spring,65
2012,D42,Shooting,2012-01-01T00:00:00Z,120,Sunday,TRUE,Winter,57
2012,D14,Stabbing,2012-01-01T00:00:00Z,82,Sunday,TRUE,Winter,57
2012,D53,Other,2012-01-01T00:00:00Z,56,Sunday,TRUE,Winter,57
2012,D43,Shooting,2012-01-21T00:00:00Z,120,Saturday,TRUE,Winter,57
2012,D42,Shooting,2012-01-24T00:00:00Z,132,Tuesday,FALSE,Winter,57
2013,D14,Other,2013-01-19T00:00:00Z,93,Saturday,TRUE,Winter,57
2016,D51,Other,2016-05-18T00:00:00Z,75,Wednesday,FALSE,Spring,75
2013,D33,Other,2013-02-02T00:00:00Z,47,Saturday,TRUE,Winter,57
2016,D12,Other,2016-04-17T00:00:00Z,113,Sunday,TRUE,Spring,75
2013,D31,Shooting,2013-02-11T00:00:00Z,25,Monday,FALSE,Winter,57
2016,D31,Shooting,2016-06-03T00:00:00Z,22,Friday,FALSE,Summer,75
2013,D14,Shooting,2013-02-10T00:00:00Z,82,Sunday,TRUE,Winter,57
2016,D53,Shooting,2016-06-07T00:00:00Z,104,Tuesday,FALSE,Summer,75
2013,D23,Shooting,2013-02-17T00:00:00Z,2,Sunday,TRUE,Winter,57
2016,D14,Shooting,2016-07-01T00:00:00Z,78,Friday,FALSE,Summer,75
2013,D13,Stabbing,2013-03-04T00:00:00Z,109,Monday,FALSE,Spring,57
2016,D14,Shooting,2016-07-01T00:00:00Z,78,Friday,FALSE,Summer,75
2013,D23,Other,2013-03-06T00:00:00Z,4,Wednesday,FALSE,Spring,57
2016,D11,Other,2016-07-03T00:00:00Z,84,Sunday,TRUE,Summer,75
2013,D41,Other,2013-03-13T00:00:00Z,119,Wednesday,FALSE,Spring,57
2016,D31,Shooting,2016-07-13T00:00:00Z,26,Wednesday,FALSE,Summer,75
2013,D51,Shooting,2013-03-21T00:00:00Z,73,Thursday,FALSE,Spring,57
2016,D14,Shooting,2016-09-11T00:00:00Z,85,Sunday,TRUE,Fall,75
2016,D51,Other,2016-07-18T00:00:00Z,75,Monday,FALSE,Summer,75
2013,D14,Shooting,2013-03-28T00:00:00Z,77,Thursday,FALSE,Spring,57
2016,D41,Shooting,2016-07-28T00:00:00Z,127,Thursday,FALSE,Summer,75
2013,D51,Other,2013-07-09T00:00:00Z,73,Tuesday,FALSE,Summer,57
2016,D51,Stabbing,2016-07-29T00:00:00Z,75,Friday,FALSE,Summer,75
2013,D32,Shooting,2013-03-30T00:00:00Z,31,Saturday,TRUE,Spring,57
2016,D55,Other,2016-08-09T00:00:00Z,69,Tuesday,FALSE,Summer,75
2013,D42,Other,2013-02-06T00:00:00Z,116,Wednesday,FALSE,Winter,57
2016,D51,Other,2016-08-15T00:00:00Z,73,Monday,FALSE,Summer,75
2013,D32,Other,2013-07-13T00:00:00Z,36,Saturday,TRUE,Summer,57
2016,D51,Other,2016-04-19T00:00:00Z,68,Tuesday,FALSE,Spring,75
2013,D42,Other,2013-02-06T00:00:00Z,116,Wednesday,FALSE,Winter,57
2016,D14,Shooting,2016-08-21T00:00:00Z,82,Sunday,TRUE,Summer,75
2013,D51,Other,2013-04-06T00:00:00Z,72,Saturday,TRUE,Spring,57
2016,D43,Other,2016-08-25T00:00:00Z,139,Thursday,FALSE,Summer,75
2016,D43,Other,2016-08-25T00:00:00Z,139,Thursday,FALSE,Summer,75
2016,D43,Other,2016-08-25T00:00:00Z,139,Thursday,FALSE,Summer,75
2016,D55,Shooting,2016-08-27T00:00:00Z,70,Saturday,TRUE,Summer,75
2016,D31,Stabbing,2016-09-13T00:00:00Z,27,Tuesday,FALSE,Fall,75
2016,D43,Stabbing,2016-09-23T00:00:00Z,127,Friday,FALSE,Fall,75
2016,D11,Other,2016-09-21T00:00:00Z,91,Wednesday,FALSE,Fall,75
2016,D23,Shooting,2016-09-30T00:00:00Z,1,Friday,FALSE,Fall,75
2014,D51,Other,2014-01-30T00:00:00Z,75,Thursday,FALSE,Winter,58
2016,D12,Shooting,2016-10-16T00:00:00Z,113,Sunday,TRUE,Fall,75
2016,D23,Shooting,2016-10-18T00:00:00Z,1,Tuesday,FALSE,Fall,75
2016,D23,Shooting,2016-10-24T00:00:00Z,6,Monday,FALSE,Fall,75
2016,D43,Shooting,2016-10-27T00:00:00Z,137,Thursday,FALSE,Fall,75
2016,D14,Other,2016-11-05T00:00:00Z,81,Saturday,TRUE,Fall,75
2016,D33,Shooting,2016-11-18T00:00:00Z,43,Friday,FALSE,Fall,75
2016,D31,Shooting,2016-11-19T00:00:00Z,24,Saturday,TRUE,Fall,75
2016,D55,Shooting,2016-11-27T00:00:00Z,70,Sunday,TRUE,Fall,75
2016,D32,Other,2016-12-03T00:00:00Z,33,Saturday,TRUE,Winter,75
2016,D31,Stabbing,2016-12-04T00:00:00Z,25,Sunday,TRUE,Winter,75
2016,D54,Shooting,2016-12-07T00:00:00Z,58,Wednesday,FALSE,Winter,75
2016,D43,Shooting,2016-12-14T00:00:00Z,139,Wednesday,FALSE,Winter,75
2016,D14,Stabbing,2016-12-16T00:00:00Z,84,Friday,FALSE,Winter,75
2016,D12,Shooting,2016-12-17T00:00:00Z,113,Saturday,TRUE,Winter,75
2016,D23,Shooting,2016-12-18T00:00:00Z,6,Sunday,TRUE,Winter,75
2016,D51,Stabbing,2016-12-24T00:00:00Z,73,Saturday,TRUE,Winter,75
2017,D51,Shooting,2017-01-08T00:00:00Z,73,Sunday,TRUE,Winter,65
2016,D42,Other,2016-02-05T00:00:00Z,132,Friday,FALSE,Winter,75
2016,D42,Other,2016-02-05T00:00:00Z,132,Friday,FALSE,Winter,75
2016,D42,Other,2016-02-05T00:00:00Z,132,Friday,FALSE,Winter,75
2016,D42,Other,2016-02-05T00:00:00Z,132,Friday,FALSE,Winter,75
2017,D31,Shooting,2017-01-23T00:00:00Z,21,Monday,FALSE,Winter,65
2017,D22,Other,2017-01-26T00:00:00Z,17,Thursday,FALSE,Winter,65
2017,D51,Shooting,2017-01-30T00:00:00Z,73,Monday,FALSE,Winter,65
2017,D51,Shooting,2017-01-30T00:00:00Z,72,Monday,FALSE,Winter,65
2017,D31,Shooting,2017-02-01T00:00:00Z,25,Wednesday,FALSE,Winter,65
2017,D54,Shooting,2017-02-05T00:00:00Z,66,Sunday,TRUE,Winter,65
2017,D23,Shooting,2017-02-06T00:00:00Z,5,Monday,FALSE,Winter,65
2017,D32,Other,2017-02-06T00:00:00Z,37,Monday,FALSE,Winter,65
2017,D54,Other,2017-02-16T00:00:00Z,54,Thursday,FALSE,Winter,65
2015,D23,Other,2015-01-16T00:00:00Z,1,Friday,FALSE,Winter,59
2017,D53,Shooting,2017-02-25T00:00:00Z,55,Saturday,TRUE,Winter,65
2016,D23,Shooting,2016-05-15T00:00:00Z,1,Sunday,TRUE,Spring,75
2017,D42,Shooting,2017-03-16T00:00:00Z,131,Thursday,FALSE,Spring,65
2017,D54,Shooting,2017-03-18T00:00:00Z,61,Saturday,TRUE,Spring,65
2017,D11,Shooting,2017-03-31T00:00:00Z,8,Friday,FALSE,Spring,65
2017,D42,Shooting,2017-04-14T00:00:00Z,117,Friday,FALSE,Spring,65
2017,D55,Shooting,2017-04-14T00:00:00Z,70,Friday,FALSE,Spring,65
2017,D13,Shooting,2017-04-21T00:00:00Z,108,Friday,FALSE,Spring,65
2017,D55,Other,2017-03-04T00:00:00Z,68,Saturday,TRUE,Spring,65
2017,D55,Shooting,2017-05-22T00:00:00Z,70,Monday,FALSE,Spring,65
2017,D12,Other,2017-06-07T00:00:00Z,110,Wednesday,FALSE,Summer,65
2017,D31,Shooting,2017-06-11T00:00:00Z,22,Sunday,TRUE,Summer,65
2017,D11,Stabbing,2017-06-23T00:00:00Z,93,Friday,FALSE,Summer,65
2017,D51,Shooting,2017-07-02T00:00:00Z,72,Sunday,TRUE,Summer,65
2017,D42,Shooting,2017-07-23T00:00:00Z,131,Sunday,TRUE,Summer,65
2017,D42,Shooting,2017-07-23T00:00:00Z,131,Sunday,TRUE,Summer,65
2017,D42,Shooting,2017-07-23T00:00:00Z,132,Sunday,TRUE,Summer,65
2017,D32,Shooting,2017-07-30T00:00:00Z,31,Sunday,TRUE,Summer,65
2017,D51,Shooting,2017-07-31T00:00:00Z,73,Monday,FALSE,Summer,65
2017,D13,Shooting,2017-08-01T00:00:00Z,106,Tuesday,FALSE,Summer,65
2017,D54,Stabbing,2017-07-31T00:00:00Z,57,Monday,FALSE,Summer,65
2017,D31,Stabbing,2017-08-17T00:00:00Z,25,Thursday,FALSE,Summer,65
2017,D55,Other,2017-05-22T00:00:00Z,70,Monday,FALSE,Spring,65
2017,D14,Shooting,2017-08-20T00:00:00Z,78,Sunday,TRUE,Summer,65
2017,D31,Stabbing,2017-08-22T00:00:00Z,25,Tuesday,FALSE,Summer,65
2017,D31,Shooting,2017-08-31T00:00:00Z,26,Thursday,FALSE,Summer,65
2017,D23,Shooting,2017-09-02T00:00:00Z,5,Saturday,TRUE,Fall,65
2017,D43,Stabbing,2017-09-06T00:00:00Z,138,Wednesday,FALSE,Fall,65
2017,D33,Stabbing,2017-09-13T00:00:00Z,53,Wednesday,FALSE,Fall,65
2017,D41,Shooting,2017-09-14T00:00:00Z,126,Thursday,FALSE,Fall,65
2017,D51,Shooting,2017-09-16T00:00:00Z,72,Saturday,TRUE,Fall,65
2017,D52,Shooting,2017-09-16T00:00:00Z,77,Saturday,TRUE,Fall,65
2017,D41,Stabbing,2017-09-10T00:00:00Z,122,Sunday,TRUE,Fall,65
2017,D31,Shooting,2017-09-29T00:00:00Z,26,Friday,FALSE,Fall,65
2017,D51,Shooting,2017-10-01T00:00:00Z,70,Sunday,TRUE,Fall,65
2017,D51,Shooting,2017-10-01T00:00:00Z,70,Sunday,TRUE,Fall,65
2017,D23,Shooting,2017-10-05T00:00:00Z,6,Thursday,FALSE,Fall,65
2017,D23,Other,2017-10-04T00:00:00Z,4,Wednesday,FALSE,Fall,65
2017,D54,Stabbing,2017-10-07T00:00:00Z,60,Saturday,TRUE,Fall,65
2017,D23,Shooting,2017-10-08T00:00:00Z,6,Sunday,TRUE,Fall,65
2017,D31,Shooting,2017-10-14T00:00:00Z,21,Saturday,TRUE,Fall,65
2017,D53,Stabbing,2017-10-20T00:00:00Z,55,Friday,FALSE,Fall,65
2017,D14,Other,2017-10-13T00:00:00Z,93,Friday,FALSE,Fall,65
2017,D54,Stabbing,2017-10-28T00:00:00Z,54,Saturday,TRUE,Fall,65
2013,D14,Other,2013-07-14T00:00:00Z,82,Sunday,TRUE,Summer,57
2013,D42,Shooting,2013-04-25T00:00:00Z,132,Thursday,FALSE,Spring,57
2013,D22,Stabbing,2013-07-15T00:00:00Z,11,Monday,FALSE,Summer,57
2013,D32,Stabbing,2013-04-25T00:00:00Z,38,Thursday,FALSE,Spring,57
2013,D31,Other,2013-04-29T00:00:00Z,25,Monday,FALSE,Spring,57
2013,D41,Stabbing,2013-04-30T00:00:00Z,122,Tuesday,FALSE,Spring,57
2013,D22,Stabbing,2013-07-15T00:00:00Z,11,Monday,FALSE,Summer,57
2013,D22,Stabbing,2013-07-15T00:00:00Z,11,Monday,FALSE,Summer,57
2013,D14,Shooting,2013-05-19T00:00:00Z,81,Sunday,TRUE,Spring,57
2013,D54,Other,2013-05-16T00:00:00Z,54,Thursday,FALSE,Spring,57
2013,D42,Shooting,2013-05-29T00:00:00Z,131,Wednesday,FALSE,Spring,57
2013,D42,Other,2013-06-03T00:00:00Z,129,Monday,FALSE,Summer,57
2013,D11,Shooting,2013-08-05T00:00:00Z,87,Monday,FALSE,Summer,57
2013,D54,Stabbing,2013-06-27T00:00:00Z,57,Thursday,FALSE,Summer,57
2013,D23,Shooting,2013-08-12T00:00:00Z,5,Monday,FALSE,Summer,57
2013,D31,Shooting,2013-07-28T00:00:00Z,25,Sunday,TRUE,Summer,57
2013,D31,Shooting,2013-08-23T00:00:00Z,25,Friday,FALSE,Summer,57
2014,D41,Other,2014-01-14T00:00:00Z,119,Tuesday,FALSE,Winter,58
2013,D31,Shooting,2013-08-23T00:00:00Z,25,Friday,FALSE,Summer,57
2014,D23,Shooting,2014-01-29T00:00:00Z,8,Wednesday,FALSE,Winter,58
2014,D43,Other,2014-01-29T00:00:00Z,137,Wednesday,FALSE,Winter,58
2014,D54,Stabbing,2014-02-02T00:00:00Z,54,Sunday,TRUE,Winter,58
2014,D41,Other,2014-02-03T00:00:00Z,119,Monday,FALSE,Winter,58
2014,D32,Shooting,2014-02-04T00:00:00Z,105,Tuesday,FALSE,Winter,58
2014,D22,Shooting,2014-02-09T00:00:00Z,20,Sunday,TRUE,Winter,58
2014,D23,Stabbing,2014-02-12T00:00:00Z,2,Wednesday,FALSE,Winter,58
2014,D54,Shooting,2014-03-08T00:00:00Z,44,Saturday,TRUE,Spring,58
2014,D22,Stabbing,2014-03-09T00:00:00Z,14,Sunday,TRUE,Spring,58
2013,D12,Shooting,2013-09-03T00:00:00Z,113,Tuesday,FALSE,Fall,57
2013,D33,Stabbing,2013-09-12T00:00:00Z,48,Thursday,FALSE,Fall,57
2013,D54,Stabbing,2013-09-14T00:00:00Z,65,Saturday,TRUE,Fall,57
2013,D23,Shooting,2013-09-17T00:00:00Z,7,Tuesday,FALSE,Fall,57
2014,D55,Other,2014-03-12T00:00:00Z,65,Wednesday,FALSE,Spring,58
2014,D43,Stabbing,2014-03-15T00:00:00Z,137,Saturday,TRUE,Spring,58
2013,D12,Stabbing,2013-09-20T00:00:00Z,110,Friday,FALSE,Fall,57
2014,D55,Stabbing,2014-03-15T00:00:00Z,70,Saturday,TRUE,Spring,58
2014,D55,Shooting,2014-03-19T00:00:00Z,62,Wednesday,FALSE,Spring,58
2014,D55,Shooting,2014-03-19T00:00:00Z,62,Wednesday,FALSE,Spring,58
2014,D11,Shooting,2014-03-25T00:00:00Z,91,Tuesday,FALSE,Spring,58
2014,D51,Shooting,2014-04-04T00:00:00Z,71,Friday,FALSE,Spring,58
2014,D42,Shooting,2014-04-12T00:00:00Z,131,Saturday,TRUE,Spring,58
2013,D12,Stabbing,2013-10-13T00:00:00Z,113,Sunday,TRUE,Fall,57
2014,D13,Shooting,2014-05-02T00:00:00Z,108,Friday,FALSE,Spring,58
2014,D55,Shooting,2014-05-24T00:00:00Z,65,Saturday,TRUE,Spring,58
2014,D42,Other,2014-06-10T00:00:00Z,130,Tuesday,FALSE,Summer,58
2014,D51,Shooting,2014-07-06T00:00:00Z,73,Sunday,TRUE,Summer,58
2014,D32,Shooting,2014-07-08T00:00:00Z,31,Tuesday,FALSE,Summer,58
2014,D33,Other,2014-07-15T00:00:00Z,46,Tuesday,FALSE,Summer,58
2014,D22,Stabbing,2014-08-09T00:00:00Z,13,Saturday,TRUE,Summer,58
2014,D12,Shooting,2014-08-18T00:00:00Z,111,Monday,FALSE,Summer,58
2014,D14,Shooting,2014-08-26T00:00:00Z,77,Tuesday,FALSE,Summer,58
2014,D14,Other,2014-08-30T00:00:00Z,80,Saturday,TRUE,Summer,58
2014,D51,Other,2014-01-03T00:00:00Z,71,Friday,FALSE,Winter,58
2014,D51,Other,2014-09-05T00:00:00Z,71,Friday,FALSE,Fall,58
2014,D54,Stabbing,2014-09-08T00:00:00Z,62,Monday,FALSE,Fall,58
2014,D12,Shooting,2014-09-08T00:00:00Z,113,Monday,FALSE,Fall,58
2014,D32,Shooting,2014-09-11T00:00:00Z,40,Thursday,FALSE,Fall,58
2014,D22,Other,2014-09-11T00:00:00Z,14,Thursday,FALSE,Fall,58
2014,D43,Shooting,2014-09-14T00:00:00Z,137,Sunday,TRUE,Fall,58
2014,D33,Other,2014-09-14T00:00:00Z,47,Sunday,TRUE,Fall,58
2014,D31,Shooting,2014-09-17T00:00:00Z,27,Wednesday,FALSE,Fall,58
2014,D23,Stabbing,2014-09-23T00:00:00Z,2,Tuesday,FALSE,Fall,58
2014,D54,Stabbing,2014-09-27T00:00:00Z,65,Saturday,TRUE,Fall,58
2014,D43,Shooting,2014-09-29T00:00:00Z,139,Monday,FALSE,Fall,58
2014,D13,Stabbing,2014-09-30T00:00:00Z,107,Tuesday,FALSE,Fall,58
2014,D12,Shooting,2014-10-05T00:00:00Z,90,Sunday,TRUE,Fall,58
2014,D23,Shooting,2014-10-06T00:00:00Z,6,Monday,FALSE,Fall,58
2014,D23,Shooting,2014-10-06T00:00:00Z,6,Monday,FALSE,Fall,58
2014,D51,Shooting,2014-10-06T00:00:00Z,72,Monday,FALSE,Fall,58
2014,D33,Other,2014-10-13T00:00:00Z,47,Monday,FALSE,Fall,58
2014,D11,Other,2014-10-15T00:00:00Z,93,Wednesday,FALSE,Fall,58
2014,D31,Shooting,2014-10-30T00:00:00Z,26,Thursday,FALSE,Fall,58
2014,D12,Shooting,2014-11-06T00:00:00Z,110,Thursday,FALSE,Fall,58
2013,D51,Shooting,2013-09-23T00:00:00Z,73,Monday,FALSE,Fall,57
2013,D12,Other,2013-05-24T00:00:00Z,111,Friday,FALSE,Spring,57
2013,D52,Stabbing,2013-10-06T00:00:00Z,76,Sunday,TRUE,Fall,57
2013,D52,Other,2013-10-20T00:00:00Z,78,Sunday,TRUE,Fall,57
2013,D51,Other,2013-11-01T00:00:00Z,72,Friday,FALSE,Fall,57
2013,D13,Other,2013-11-09T00:00:00Z,94,Saturday,TRUE,Fall,57
2013,D55,Shooting,2013-11-10T00:00:00Z,63,Sunday,TRUE,Fall,57
2013,D32,Stabbing,2013-11-25T00:00:00Z,105,Monday,FALSE,Fall,57
2013,D12,Other,2013-12-26T00:00:00Z,23,Thursday,FALSE,Winter,57
2013,D42,Other,2013-12-27T00:00:00Z,130,Friday,FALSE,Winter,57
2013,D32,Other,2013-07-04T00:00:00Z,33,Thursday,FALSE,Summer,57
2010,D31,Other,2010-05-29T00:00:00Z,26,Saturday,TRUE,Spring,65
2008,D43,Shooting,2008-02-01T00:00:00Z,138,Friday,FALSE,Winter,70
2006,D52,Shooting,2006-10-27T00:00:00Z,77,Friday,FALSE,Fall,70
2012,D11,Shooting,2012-01-27T00:00:00Z,83,Friday,FALSE,Winter,57
2012,D32,Shooting,2012-02-20T00:00:00Z,38,Monday,FALSE,Winter,57
2012,D32,Shooting,2012-02-20T00:00:00Z,38,Monday,FALSE,Winter,57
2012,D42,Other,2012-02-29T00:00:00Z,117,Wednesday,FALSE,Winter,57
2012,D32,Other,2012-03-11T00:00:00Z,51,Sunday,TRUE,Spring,57
2010,D13,Stabbing,2010-06-12T00:00:00Z,96,Saturday,TRUE,Summer,65
2012,D22,Stabbing,2012-03-23T00:00:00Z,15,Friday,FALSE,Spring,57
2010,D14,Other,2010-05-08T00:00:00Z,93,Saturday,TRUE,Spring,65
2010,D11,Stabbing,2010-05-29T00:00:00Z,87,Saturday,TRUE,Spring,65
2010,D22,Other,2010-06-12T00:00:00Z,18,Saturday,TRUE,Summer,65
2010,D23,Stabbing,2010-06-29T00:00:00Z,7,Tuesday,FALSE,Summer,65
2010,D12,Stabbing,2010-06-30T00:00:00Z,111,Wednesday,FALSE,Summer,65
2010,D31,Shooting,2010-07-02T00:00:00Z,26,Friday,FALSE,Summer,65
2010,D53,Stabbing,2010-07-02T00:00:00Z,95,Friday,FALSE,Summer,65
2012,D12,Shooting,2012-04-12T00:00:00Z,111,Thursday,FALSE,Spring,57
2012,D41,Stabbing,2012-04-15T00:00:00Z,43,Sunday,TRUE,Spring,57
2012,D11,Other,2012-04-16T00:00:00Z,88,Monday,FALSE,Spring,57
2012,D32,Shooting,2012-05-04T00:00:00Z,32,Friday,FALSE,Spring,57
2012,D53,Shooting,2012-05-09T00:00:00Z,100,Wednesday,FALSE,Spring,57
2012,D41,Other,2012-05-07T00:00:00Z,121,Monday,FALSE,Spring,57
2012,D11,Shooting,2012-05-10T00:00:00Z,114,Thursday,FALSE,Spring,57
2012,D51,Other,2012-05-14T00:00:00Z,73,Monday,FALSE,Spring,57
2012,D43,Shooting,2012-05-31T00:00:00Z,133,Thursday,FALSE,Spring,57
2012,D52,Shooting,2012-06-02T00:00:00Z,76,Saturday,TRUE,Summer,57
2012,D52,Shooting,2012-06-02T00:00:00Z,76,Saturday,TRUE,Summer,57
2012,D14,Shooting,2012-06-18T00:00:00Z,81,Monday,FALSE,Summer,57
2012,D41,Shooting,2012-06-22T00:00:00Z,126,Friday,FALSE,Summer,57
2012,D32,Shooting,2012-06-23T00:00:00Z,51,Saturday,TRUE,Summer,57
2012,D22,Shooting,2012-07-05T00:00:00Z,14,Thursday,FALSE,Summer,57
2012,D43,Shooting,2012-07-16T00:00:00Z,136,Monday,FALSE,Summer,57
2012,D43,Shooting,2012-07-16T00:00:00Z,136,Monday,FALSE,Summer,57
2012,D12,Shooting,2012-07-17T00:00:00Z,111,Tuesday,FALSE,Summer,57
2012,D32,Shooting,2012-07-19T00:00:00Z,32,Thursday,FALSE,Summer,57
2012,D42,Other,2012-07-22T00:00:00Z,127,Sunday,TRUE,Summer,57
2012,D31,Shooting,2012-08-01T00:00:00Z,24,Wednesday,FALSE,Summer,57
2012,D42,Other,2012-08-07T00:00:00Z,132,Tuesday,FALSE,Summer,57
2012,D55,Other,2012-08-24T00:00:00Z,120,Friday,FALSE,Summer,57
2012,D42,Shooting,2012-09-08T00:00:00Z,132,Saturday,TRUE,Fall,57
2012,D55,Shooting,2012-09-08T00:00:00Z,63,Saturday,TRUE,Fall,57
2012,D23,Shooting,2012-09-16T00:00:00Z,25,Sunday,TRUE,Fall,57
2012,D13,Other,2012-09-15T00:00:00Z,108,Saturday,TRUE,Fall,57
2012,D23,Shooting,2012-09-18T00:00:00Z,2,Tuesday,FALSE,Fall,57
2012,D23,Shooting,2012-09-18T00:00:00Z,2,Tuesday,FALSE,Fall,57
2012,D31,Shooting,2012-10-11T00:00:00Z,24,Thursday,FALSE,Fall,57
2012,D43,Other,2012-10-17T00:00:00Z,137,Wednesday,FALSE,Fall,57
2012,D51,Stabbing,2012-10-23T00:00:00Z,71,Tuesday,FALSE,Fall,57
2012,D43,Shooting,2012-10-28T00:00:00Z,135,Sunday,TRUE,Fall,57
2012,D32,Shooting,2012-10-29T00:00:00Z,31,Monday,FALSE,Fall,57
2012,D14,Stabbing,2012-10-29T00:00:00Z,85,Monday,FALSE,Fall,57
2012,D12,Shooting,2012-10-30T00:00:00Z,115,Tuesday,FALSE,Fall,57
2012,D14,Shooting,2012-11-11T00:00:00Z,78,Sunday,TRUE,Fall,57
2012,D23,Other,2012-11-12T00:00:00Z,2,Monday,FALSE,Fall,57
2012,D55,Other,2012-11-14T00:00:00Z,64,Wednesday,FALSE,Fall,57
2012,D54,Stabbing,2012-11-17T00:00:00Z,42,Saturday,TRUE,Fall,57
2012,D31,Shooting,2012-12-02T00:00:00Z,26,Sunday,TRUE,Winter,57
2012,D53,Other,2012-07-02T00:00:00Z,67,Monday,FALSE,Summer,57
2012,D51,Stabbing,2012-12-20T00:00:00Z,71,Thursday,FALSE,Winter,57
2012,D22,Other,2012-07-03T00:00:00Z,12,Tuesday,FALSE,Summer,57
2012,D22,Shooting,2012-11-29T00:00:00Z,12,Thursday,FALSE,Fall,57
2010,D41,Shooting,2010-07-06T00:00:00Z,126,Tuesday,FALSE,Summer,65
2010,D52,Shooting,2010-07-10T00:00:00Z,78,Saturday,TRUE,Summer,65
2010,D41,Stabbing,2010-07-14T00:00:00Z,127,Wednesday,FALSE,Summer,65
2010,D54,Shooting,2010-07-13T00:00:00Z,44,Tuesday,FALSE,Summer,65
2010,D42,Shooting,2010-07-16T00:00:00Z,128,Friday,FALSE,Summer,65
2010,D31,Shooting,2010-07-30T00:00:00Z,25,Friday,FALSE,Summer,65
2010,D23,Shooting,2010-07-30T00:00:00Z,1,Friday,FALSE,Summer,65
2010,D54,Stabbing,2010-07-31T00:00:00Z,44,Saturday,TRUE,Summer,65
2010,D22,Shooting,2010-08-14T00:00:00Z,14,Saturday,TRUE,Summer,65
2010,D51,Shooting,2010-08-14T00:00:00Z,74,Saturday,TRUE,Summer,65
2010,D32,Shooting,2010-08-24T00:00:00Z,32,Tuesday,FALSE,Summer,65
2010,D14,Stabbing,2010-08-27T00:00:00Z,83,Friday,FALSE,Summer,65
2010,D43,Shooting,2010-09-10T00:00:00Z,137,Friday,FALSE,Fall,65
2010,D31,Shooting,2010-09-12T00:00:00Z,24,Sunday,TRUE,Fall,65
2010,D23,Stabbing,2010-09-25T00:00:00Z,8,Saturday,TRUE,Fall,65
2010,D51,Other,2010-08-29T00:00:00Z,90,Sunday,TRUE,Summer,65
2010,D12,Shooting,2010-09-29T00:00:00Z,113,Wednesday,FALSE,Fall,65
2010,D12,Shooting,2010-09-29T00:00:00Z,113,Wednesday,FALSE,Fall,65
2010,D14,Shooting,2010-10-04T00:00:00Z,85,Monday,FALSE,Fall,65
2010,D41,Other,2010-07-09T00:00:00Z,43,Friday,FALSE,Summer,65
2010,D31,Shooting,2010-10-04T00:00:00Z,24,Monday,FALSE,Fall,65
2010,D51,Shooting,2010-10-09T00:00:00Z,72,Saturday,TRUE,Fall,65
2010,D51,Shooting,2010-10-09T00:00:00Z,72,Saturday,TRUE,Fall,65
2010,D41,Shooting,2010-10-17T00:00:00Z,121,Sunday,TRUE,Fall,65
2010,D51,Shooting,2010-10-25T00:00:00Z,72,Monday,FALSE,Fall,65
2010,D55,Stabbing,2010-10-27T00:00:00Z,70,Wednesday,FALSE,Fall,65
2010,D32,Shooting,2010-11-17T00:00:00Z,37,Wednesday,FALSE,Fall,65
2010,D33,Shooting,2010-11-20T00:00:00Z,47,Saturday,TRUE,Fall,65
2010,D31,Shooting,2010-11-22T00:00:00Z,25,Monday,FALSE,Fall,65
2010,D43,Shooting,2010-11-24T00:00:00Z,137,Wednesday,FALSE,Fall,65
2010,D52,Other,2010-11-27T00:00:00Z,77,Saturday,TRUE,Fall,65
2010,D51,Shooting,2010-11-29T00:00:00Z,72,Monday,FALSE,Fall,65
2010,D55,Other,2010-12-02T00:00:00Z,62,Thursday,FALSE,Winter,65
2010,D12,Shooting,2010-12-25T00:00:00Z,111,Saturday,TRUE,Winter,65
2010,D51,Other,2010-08-08T00:00:00Z,71,Sunday,TRUE,Summer,65
2010,D12,Other,2010-09-12T00:00:00Z,30,Sunday,TRUE,Fall,65
2010,D43,Other,2010-05-25T00:00:00Z,137,Tuesday,FALSE,Spring,65
2013,D31,Stabbing,2013-01-01T00:00:00Z,27,Tuesday,FALSE,Winter,57
2013,D51,Shooting,2013-01-18T00:00:00Z,72,Friday,FALSE,Winter,57
2013,D23,Other,2013-01-19T00:00:00Z,7,Saturday,TRUE,Winter,57
2005,D52,Shooting,2005-07-31T00:00:00Z,76,Sunday,TRUE,Summer,80
2005,D23,Shooting,2005-08-03T00:00:00Z,2,Wednesday,FALSE,Summer,80
2008,D42,Shooting,2008-02-17T00:00:00Z,132,Sunday,TRUE,Winter,70
2008,D43,Shooting,2008-02-22T00:00:00Z,137,Friday,FALSE,Winter,70
2005,D42,Shooting,2005-08-05T00:00:00Z,117,Friday,FALSE,Summer,80
2008,D14,Other,2008-02-23T00:00:00Z,81,Saturday,TRUE,Winter,70
2005,D51,Shooting,2005-08-07T00:00:00Z,71,Sunday,TRUE,Summer,80
2008,D32,Other,2008-02-28T00:00:00Z,33,Thursday,FALSE,Winter,70
2005,D51,Shooting,2005-08-07T00:00:00Z,71,Sunday,TRUE,Summer,80
2008,D32,Shooting,2008-03-14T00:00:00Z,31,Friday,FALSE,Spring,70
2005,D23,Shooting,2005-08-13T00:00:00Z,8,Saturday,TRUE,Summer,80
2008,D22,Stabbing,2008-03-18T00:00:00Z,13,Tuesday,FALSE,Spring,70
2005,D51,Shooting,2005-08-15T00:00:00Z,74,Monday,FALSE,Summer,80
2008,D55,Shooting,2008-03-18T00:00:00Z,70,Tuesday,FALSE,Spring,70
2005,D54,Shooting,2005-08-16T00:00:00Z,44,Tuesday,FALSE,Summer,80
2008,D14,Stabbing,2008-04-17T00:00:00Z,93,Thursday,FALSE,Spring,70
2005,D41,Other,2005-08-18T00:00:00Z,127,Thursday,FALSE,Summer,80
2008,D43,Stabbing,2008-05-04T00:00:00Z,139,Sunday,TRUE,Spring,70
2005,D22,Other,2005-08-20T00:00:00Z,18,Saturday,TRUE,Summer,80
2008,D12,Stabbing,2008-04-30T00:00:00Z,90,Wednesday,FALSE,Spring,70
2005,D42,Shooting,2005-08-25T00:00:00Z,139,Thursday,FALSE,Summer,80
2008,D43,Other,2008-05-04T00:00:00Z,139,Sunday,TRUE,Spring,70
2005,D31,Shooting,2005-08-30T00:00:00Z,25,Tuesday,FALSE,Summer,80
2008,D33,Stabbing,2008-05-17T00:00:00Z,42,Saturday,TRUE,Spring,70
2005,D51,Other,2005-08-31T00:00:00Z,73,Wednesday,FALSE,Summer,80
2008,D33,Other,2008-05-17T00:00:00Z,42,Saturday,TRUE,Spring,70
2005,D33,Stabbing,2005-09-06T00:00:00Z,42,Tuesday,FALSE,Fall,80
2008,D42,Shooting,2008-05-28T00:00:00Z,132,Wednesday,FALSE,Spring,70
2005,D31,Shooting,2005-09-08T00:00:00Z,28,Thursday,FALSE,Fall,80
2008,D42,Shooting,2008-05-28T00:00:00Z,118,Wednesday,FALSE,Spring,70
2005,D14,Shooting,2005-09-09T00:00:00Z,82,Friday,FALSE,Fall,80
2008,D54,Shooting,2008-05-30T00:00:00Z,43,Friday,FALSE,Spring,70
2005,D31,Shooting,2005-09-10T00:00:00Z,24,Saturday,TRUE,Fall,80
2008,D55,Shooting,2008-02-25T00:00:00Z,62,Monday,FALSE,Winter,70
2005,D31,Shooting,2005-09-13T00:00:00Z,25,Tuesday,FALSE,Fall,80
2008,D14,Shooting,2008-06-13T00:00:00Z,82,Friday,FALSE,Summer,70
2005,D14,Shooting,2005-09-16T00:00:00Z,85,Friday,FALSE,Fall,80
2008,D14,Shooting,2008-06-13T00:00:00Z,82,Friday,FALSE,Summer,70
2005,D23,Shooting,2005-09-16T00:00:00Z,5,Friday,FALSE,Fall,80
2005,D23,Shooting,2005-09-16T00:00:00Z,5,Friday,FALSE,Fall,80
2005,D23,Shooting,2005-09-16T00:00:00Z,5,Friday,FALSE,Fall,80
2005,D54,Other,2005-09-22T00:00:00Z,58,Thursday,FALSE,Fall,80
2005,D42,Stabbing,2005-10-01T00:00:00Z,136,Saturday,TRUE,Fall,80
2005,D23,Shooting,2005-10-22T00:00:00Z,2,Saturday,TRUE,Fall,80
2005,D23,Shooting,2005-10-23T00:00:00Z,1,Sunday,TRUE,Fall,80
2005,D23,Shooting,2005-10-23T00:00:00Z,1,Sunday,TRUE,Fall,80
2005,D42,Shooting,2005-11-01T01:00:00Z,117,Tuesday,FALSE,Fall,80
2005,D13,Shooting,2005-11-09T00:00:00Z,107,Wednesday,FALSE,Fall,80
2005,D32,Stabbing,2005-11-12T00:00:00Z,51,Saturday,TRUE,Fall,80
2005,D12,Shooting,2005-11-14T00:00:00Z,91,Monday,FALSE,Fall,80
2005,D23,Shooting,2005-11-18T00:00:00Z,1,Friday,FALSE,Fall,80
2005,D54,Other,2005-11-02T01:00:00Z,54,Wednesday,FALSE,Fall,80
2005,D41,Stabbing,2005-11-26T00:00:00Z,126,Saturday,TRUE,Fall,80
2005,D11,Shooting,2005-11-29T00:00:00Z,93,Tuesday,FALSE,Fall,80
2005,D31,Other,2005-01-26T00:00:00Z,24,Wednesday,FALSE,Winter,80
2005,D31,Shooting,2005-12-01T00:00:00Z,21,Thursday,FALSE,Winter,80
2005,D14,Other,2005-11-05T01:00:00Z,85,Saturday,TRUE,Fall,80
2005,D53,Other,2005-12-16T00:00:00Z,102,Friday,FALSE,Winter,80
2005,D31,Shooting,2005-12-23T00:00:00Z,25,Friday,FALSE,Winter,80
2005,D52,Shooting,2005-12-26T00:00:00Z,64,Monday,FALSE,Winter,80
2005,D32,Stabbing,2005-09-19T00:00:00Z,33,Monday,FALSE,Fall,80
2005,D42,Other,2005-01-24T00:00:00Z,116,Monday,FALSE,Winter,80
2006,D13,Shooting,2006-01-01T00:00:00Z,108,Sunday,TRUE,Winter,70
2006,D32,Other,2006-01-26T00:00:00Z,39,Thursday,FALSE,Winter,70
2006,D31,Shooting,2006-02-06T00:00:00Z,25,Monday,FALSE,Winter,70
2006,D42,Stabbing,2006-02-09T00:00:00Z,117,Thursday,FALSE,Winter,70
2006,D42,Stabbing,2006-02-09T00:00:00Z,117,Thursday,FALSE,Winter,70
2006,D42,Stabbing,2006-02-09T00:00:00Z,117,Thursday,FALSE,Winter,70
2006,D54,Stabbing,2006-02-08T00:00:00Z,44,Wednesday,FALSE,Winter,70
2006,D54,Other,2006-03-02T00:00:00Z,61,Thursday,FALSE,Spring,70
2006,D43,Other,2006-03-04T00:00:00Z,134,Saturday,TRUE,Spring,70
2006,D31,Shooting,2006-03-12T00:00:00Z,22,Sunday,TRUE,Spring,70
2006,D43,Shooting,2006-03-14T01:00:00Z,139,Tuesday,FALSE,Spring,70
2006,D51,Shooting,2006-03-20T01:00:00Z,71,Monday,FALSE,Spring,70
2006,D12,Shooting,2006-03-27T01:00:00Z,115,Monday,FALSE,Spring,70
2006,D31,Shooting,2006-03-27T01:00:00Z,25,Monday,FALSE,Spring,70
2006,D31,Other,2006-04-07T00:00:00Z,22,Friday,FALSE,Spring,70
2006,D31,Stabbing,2006-04-20T00:00:00Z,26,Thursday,FALSE,Spring,70
2006,D33,Stabbing,2006-04-26T00:00:00Z,47,Wednesday,FALSE,Spring,70
2006,D54,Shooting,2006-04-29T00:00:00Z,44,Saturday,TRUE,Spring,70
2006,D22,Stabbing,2006-04-29T00:00:00Z,18,Saturday,TRUE,Spring,70
2006,D54,Stabbing,2006-05-02T00:00:00Z,65,Tuesday,FALSE,Spring,70
2006,D52,Stabbing,2006-05-15T00:00:00Z,78,Monday,FALSE,Spring,70
2006,D54,Other,2006-05-17T00:00:00Z,61,Wednesday,FALSE,Spring,70
2006,D54,Stabbing,2006-11-05T01:00:00Z,54,Sunday,TRUE,Fall,70
2006,D13,Other,2006-05-26T00:00:00Z,106,Friday,FALSE,Spring,70
2006,D43,Shooting,2006-05-28T00:00:00Z,137,Sunday,TRUE,Spring,70
2006,D12,Shooting,2006-06-03T00:00:00Z,113,Saturday,TRUE,Summer,70
2006,D31,Stabbing,2006-06-03T00:00:00Z,26,Saturday,TRUE,Summer,70
2006,D31,Shooting,2006-06-12T00:00:00Z,28,Monday,FALSE,Summer,70
2006,D12,Stabbing,2006-06-13T00:00:00Z,115,Tuesday,FALSE,Summer,70
2006,D31,Stabbing,2006-06-22T00:00:00Z,26,Thursday,FALSE,Summer,70
2006,D42,Shooting,2006-06-23T00:00:00Z,132,Friday,FALSE,Summer,70
2006,D51,Other,2006-06-23T00:00:00Z,75,Friday,FALSE,Summer,70
2006,D51,Shooting,2006-06-26T00:00:00Z,77,Monday,FALSE,Summer,70
2006,D12,Shooting,2006-07-02T00:00:00Z,90,Sunday,TRUE,Summer,70
2006,D22,Shooting,2006-07-05T00:00:00Z,20,Wednesday,FALSE,Summer,70
2006,D51,Shooting,2006-07-11T00:00:00Z,75,Tuesday,FALSE,Summer,70
2006,D42,Shooting,2006-07-12T00:00:00Z,131,Wednesday,FALSE,Summer,70
2006,D12,Shooting,2006-07-12T00:00:00Z,115,Wednesday,FALSE,Summer,70
2006,D23,Stabbing,2006-07-14T00:00:00Z,1,Friday,FALSE,Summer,70
2006,D54,Stabbing,2006-07-15T00:00:00Z,54,Saturday,TRUE,Summer,70
2006,D52,Shooting,2006-07-17T00:00:00Z,54,Monday,FALSE,Summer,70
2006,D54,Other,2006-06-02T00:00:00Z,66,Friday,FALSE,Summer,70
2006,D42,Other,2006-07-27T00:00:00Z,132,Thursday,FALSE,Summer,70
2006,D11,Other,2006-08-05T00:00:00Z,85,Saturday,TRUE,Summer,70
2006,D52,Stabbing,2006-09-11T00:00:00Z,76,Monday,FALSE,Fall,70
2006,D52,Stabbing,2006-09-11T00:00:00Z,76,Monday,FALSE,Fall,70
2006,D42,Shooting,2006-09-14T00:00:00Z,117,Thursday,FALSE,Fall,70
2006,D43,Other,2006-09-17T00:00:00Z,137,Sunday,TRUE,Fall,70
2006,D14,Shooting,2006-09-17T00:00:00Z,85,Sunday,TRUE,Fall,70
2006,D42,Stabbing,2006-09-17T00:00:00Z,116,Sunday,TRUE,Fall,70
2006,D41,Other,2006-09-21T00:00:00Z,122,Thursday,FALSE,Fall,70
2006,D51,Other,2006-09-22T00:00:00Z,75,Friday,FALSE,Fall,70
2006,D31,Shooting,2006-09-25T00:00:00Z,21,Monday,FALSE,Fall,70
2006,D54,Shooting,2006-10-09T00:00:00Z,43,Monday,FALSE,Fall,70
2006,D41,Other,2006-10-17T00:00:00Z,119,Tuesday,FALSE,Fall,70
2006,D43,Stabbing,2006-10-21T00:00:00Z,135,Saturday,TRUE,Fall,70
2006,D22,Other,2006-10-27T00:00:00Z,16,Friday,FALSE,Fall,70
2006,D51,Stabbing,2006-10-11T00:00:00Z,71,Wednesday,FALSE,Fall,70
2008,D12,Shooting,2008-06-15T00:00:00Z,111,Sunday,TRUE,Summer,70
2006,D54,Stabbing,2006-11-05T01:00:00Z,54,Sunday,TRUE,Fall,70
2008,D41,Other,2008-06-23T00:00:00Z,120,Monday,FALSE,Summer,70
2006,D42,Shooting,2006-11-14T00:00:00Z,132,Tuesday,FALSE,Fall,70
2008,D54,Other,2008-06-22T00:00:00Z,54,Sunday,TRUE,Summer,70
2006,D11,Other,2006-11-25T00:00:00Z,114,Saturday,TRUE,Fall,70
2008,D41,Shooting,2008-07-09T00:00:00Z,119,Wednesday,FALSE,Summer,70
2006,D14,Shooting,2006-12-03T00:00:00Z,77,Sunday,TRUE,Winter,70
2008,D53,Stabbing,2008-07-14T00:00:00Z,97,Monday,FALSE,Summer,70
2006,D42,Other,2006-12-03T00:00:00Z,132,Sunday,TRUE,Winter,70
2008,D43,Shooting,2008-07-17T00:00:00Z,135,Thursday,FALSE,Summer,70
2017,D12,Stabbing,2017-11-14T00:00:00Z,113,Tuesday,FALSE,Fall,65
2006,D51,Other,2006-12-20T00:00:00Z,72,Wednesday,FALSE,Winter,70
2006,D14,Shooting,2006-12-25T00:00:00Z,85,Monday,FALSE,Winter,70
2006,D23,Stabbing,2006-12-26T00:00:00Z,1,Tuesday,FALSE,Winter,70
2006,D31,Shooting,2006-12-27T00:00:00Z,24,Wednesday,FALSE,Winter,70
2006,D22,Other,2006-10-06T00:00:00Z,14,Friday,FALSE,Fall,70
2007,D42,Shooting,2007-01-01T00:00:00Z,132,Monday,FALSE,Winter,86
2007,D54,Shooting,2007-01-11T00:00:00Z,44,Thursday,FALSE,Winter,86
2007,D12,Other,2007-01-11T00:00:00Z,113,Thursday,FALSE,Winter,86
2007,D42,Shooting,2007-01-14T00:00:00Z,128,Sunday,TRUE,Winter,86
2007,D12,Stabbing,2007-01-20T00:00:00Z,111,Saturday,TRUE,Winter,86
2007,D43,Shooting,2007-02-04T00:00:00Z,123,Sunday,TRUE,Winter,86
2007,D31,Stabbing,2007-02-14T00:00:00Z,26,Wednesday,FALSE,Winter,86
2007,D41,Stabbing,2007-03-09T00:00:00Z,120,Friday,FALSE,Spring,86
2007,D31,Shooting,2007-03-15T00:00:00Z,22,Thursday,FALSE,Spring,86
2007,D13,Shooting,2007-03-17T00:00:00Z,107,Saturday,TRUE,Spring,86
2007,D32,Other,2007-03-28T00:00:00Z,51,Wednesday,FALSE,Spring,86
2007,D31,Stabbing,2007-04-02T00:00:00Z,25,Monday,FALSE,Spring,86
2007,D51,Shooting,2007-04-04T00:00:00Z,71,Wednesday,FALSE,Spring,86
2007,D22,Shooting,2007-04-05T00:00:00Z,2,Thursday,FALSE,Spring,86
2007,D43,Other,2007-04-06T00:00:00Z,137,Friday,FALSE,Spring,86
2007,D32,Stabbing,2007-04-09T00:00:00Z,33,Monday,FALSE,Spring,86
2007,D43,Shooting,2007-04-12T00:00:00Z,70,Thursday,FALSE,Spring,86
2007,D41,Stabbing,2007-04-13T00:00:00Z,124,Friday,FALSE,Spring,86
2007,D31,Shooting,2007-04-21T00:00:00Z,26,Saturday,TRUE,Spring,86
2007,D54,Stabbing,2007-04-22T00:00:00Z,68,Sunday,TRUE,Spring,86
2007,D51,Other,2007-04-29T00:00:00Z,76,Sunday,TRUE,Spring,86
2007,D42,Shooting,2007-05-09T00:00:00Z,131,Wednesday,FALSE,Spring,86
2007,D23,Other,2007-05-14T00:00:00Z,5,Monday,FALSE,Spring,86
2007,D53,Shooting,2007-05-18T00:00:00Z,99,Friday,FALSE,Spring,86
2007,D31,Shooting,2007-05-21T00:00:00Z,22,Monday,FALSE,Spring,86
2007,D31,Shooting,2007-05-23T00:00:00Z,42,Wednesday,FALSE,Spring,86
2007,D14,Shooting,2007-05-20T00:00:00Z,78,Sunday,TRUE,Spring,86
2007,D55,Other,2007-05-26T00:00:00Z,77,Saturday,TRUE,Spring,86
2007,D33,Stabbing,2007-06-05T00:00:00Z,45,Tuesday,FALSE,Summer,86
2007,D23,Shooting,2007-06-09T00:00:00Z,2,Saturday,TRUE,Summer,86
2007,D14,Other,2007-05-30T00:00:00Z,78,Wednesday,FALSE,Spring,86
2007,D13,Other,2007-06-17T00:00:00Z,109,Sunday,TRUE,Summer,86
2007,D43,Other,2007-05-08T00:00:00Z,135,Tuesday,FALSE,Spring,86
2007,D42,Stabbing,2007-06-25T00:00:00Z,131,Monday,FALSE,Summer,86
2007,D51,Stabbing,2007-06-29T00:00:00Z,73,Friday,FALSE,Summer,86
2007,D42,Shooting,2007-07-04T00:00:00Z,131,Wednesday,FALSE,Summer,86
2007,D43,Stabbing,2007-07-07T00:00:00Z,136,Saturday,TRUE,Summer,86
2007,D32,Shooting,2007-07-03T00:00:00Z,31,Tuesday,FALSE,Summer,86
2007,D43,Stabbing,2007-07-17T00:00:00Z,137,Tuesday,FALSE,Summer,86
2007,D13,Shooting,2007-07-21T00:00:00Z,107,Saturday,TRUE,Summer,86
2007,D31,Shooting,2007-07-22T00:00:00Z,25,Sunday,TRUE,Summer,86
2007,D51,Shooting,2007-07-22T00:00:00Z,74,Sunday,TRUE,Summer,86
2007,D52,Shooting,2007-07-22T00:00:00Z,77,Sunday,TRUE,Summer,86
2007,D42,Shooting,2007-07-28T00:00:00Z,131,Saturday,TRUE,Summer,86
2007,D11,Other,2007-07-28T00:00:00Z,90,Saturday,TRUE,Summer,86
2007,D23,Shooting,2007-07-30T00:00:00Z,1,Monday,FALSE,Summer,86
2007,D43,Stabbing,2007-07-29T00:00:00Z,138,Sunday,TRUE,Summer,86
2007,D51,Shooting,2007-08-04T00:00:00Z,72,Saturday,TRUE,Summer,86
2007,D14,Stabbing,2007-08-09T00:00:00Z,82,Thursday,FALSE,Summer,86
2007,D53,Stabbing,2007-08-22T00:00:00Z,55,Wednesday,FALSE,Summer,86
2007,D22,Stabbing,2007-02-22T00:00:00Z,14,Thursday,FALSE,Winter,86
2007,D11,Shooting,2007-08-26T00:00:00Z,121,Sunday,TRUE,Summer,86
2007,D41,Other,2007-08-22T00:00:00Z,123,Wednesday,FALSE,Summer,86
2007,D42,Other,2007-08-31T00:00:00Z,129,Friday,FALSE,Summer,86
2007,D41,Stabbing,2007-09-11T00:00:00Z,126,Tuesday,FALSE,Fall,86
2007,D13,Other,2007-09-07T00:00:00Z,107,Friday,FALSE,Fall,86
2007,D31,Shooting,2007-08-16T00:00:00Z,24,Thursday,FALSE,Summer,86
2007,D31,Other,2007-09-11T00:00:00Z,113,Tuesday,FALSE,Fall,86
2007,D52,Shooting,2007-09-19T00:00:00Z,76,Wednesday,FALSE,Fall,86
2007,D33,Other,2007-09-25T00:00:00Z,45,Tuesday,FALSE,Fall,86
2007,D31,Shooting,2007-09-28T00:00:00Z,25,Friday,FALSE,Fall,86
2007,D31,Stabbing,2007-10-02T00:00:00Z,26,Tuesday,FALSE,Fall,86
2007,D12,Shooting,2007-10-06T00:00:00Z,111,Saturday,TRUE,Fall,86
2007,D13,Shooting,2007-10-08T00:00:00Z,94,Monday,FALSE,Fall,86
2007,D31,Shooting,2007-10-09T00:00:00Z,25,Tuesday,FALSE,Fall,86
2007,D41,Shooting,2007-10-14T00:00:00Z,119,Sunday,TRUE,Fall,86
2007,D33,Other,2007-10-18T00:00:00Z,48,Thursday,FALSE,Fall,86
2007,D55,Shooting,2007-10-21T00:00:00Z,68,Sunday,TRUE,Fall,86
2007,D22,Shooting,2007-10-27T00:00:00Z,14,Saturday,TRUE,Fall,86
2007,D41,Other,2007-09-01T00:00:00Z,120,Saturday,TRUE,Fall,86
2007,D31,Stabbing,2007-11-03T00:00:00Z,25,Saturday,TRUE,Fall,86
2007,D51,Shooting,2007-11-06T00:00:00Z,73,Tuesday,FALSE,Fall,86
2007,D42,Shooting,2007-11-23T00:00:00Z,118,Friday,FALSE,Fall,86
2007,D42,Shooting,2007-11-23T00:00:00Z,132,Friday,FALSE,Fall,86
2007,D54,Stabbing,2007-11-23T00:00:00Z,54,Friday,FALSE,Fall,86
2007,D31,Shooting,2007-11-25T00:00:00Z,24,Sunday,TRUE,Fall,86
2007,D43,Shooting,2007-11-28T00:00:00Z,135,Wednesday,FALSE,Fall,86
2007,D42,Shooting,2007-12-02T00:00:00Z,132,Sunday,TRUE,Winter,86
2007,D42,Shooting,2007-12-14T00:00:00Z,131,Friday,FALSE,Winter,86
2007,D51,Shooting,2007-12-23T00:00:00Z,72,Sunday,TRUE,Winter,86
2007,D23,Stabbing,2007-12-25T00:00:00Z,2,Tuesday,FALSE,Winter,86
2007,D43,Stabbing,2007-12-01T00:00:00Z,127,Saturday,TRUE,Winter,86
2007,D51,Other,2007-02-11T00:00:00Z,77,Sunday,TRUE,Winter,86
2008,D54,Stabbing,2008-01-01T00:00:00Z,54,Tuesday,FALSE,Winter,70
2008,D51,Shooting,2008-01-12T00:00:00Z,76,Saturday,TRUE,Winter,70
2008,D55,Shooting,2008-01-17T00:00:00Z,70,Thursday,FALSE,Winter,70
2008,D31,Shooting,2008-01-22T00:00:00Z,26,Tuesday,FALSE,Winter,70
2008,D43,Shooting,2008-02-01T00:00:00Z,138,Friday,FALSE,Winter,70
2006,D42,Shooting,2006-07-12T00:00:00Z,131,Wednesday,FALSE,Summer,70
2008,D42,Shooting,2008-07-19T00:00:00Z,131,Saturday,TRUE,Summer,70
2011,D41,Other,2011-10-17T00:00:00Z,120,Monday,FALSE,Fall,51
2017,D42,Shooting,2017-11-21T00:00:00Z,131,Tuesday,FALSE,Fall,65
2008,D22,Shooting,2008-07-20T00:00:00Z,20,Sunday,TRUE,Summer,70
2011,D14,Other,2011-10-07T00:00:00Z,84,Friday,FALSE,Fall,51
2008,D22,Shooting,2008-07-20T00:00:00Z,20,Sunday,TRUE,Summer,70
2017,D43,Shooting,2017-12-04T00:00:00Z,139,Monday,FALSE,Winter,65
2013,D31,Shooting,2013-02-24T00:00:00Z,21,Sunday,TRUE,Winter,57
2008,D22,Shooting,2008-07-20T00:00:00Z,20,Sunday,TRUE,Summer,70
2017,D51,Other,2017-11-29T00:00:00Z,75,Wednesday,FALSE,Fall,65
2013,D32,Shooting,2013-06-16T00:00:00Z,51,Sunday,TRUE,Summer,57
2007,D23,Stabbing,2007-12-25T00:00:00Z,2,Tuesday,FALSE,Winter,86
2017,D43,Other,2017-12-06T00:00:00Z,133,Wednesday,FALSE,Winter,65
2013,D23,Shooting,2013-11-24T00:00:00Z,2,Sunday,TRUE,Fall,57
2007,D42,Stabbing,2007-06-25T00:00:00Z,131,Monday,FALSE,Summer,86
2017,D51,Shooting,2017-11-13T00:00:00Z,73,Monday,FALSE,Fall,65
2009,D12,Other,2009-05-20T00:00:00Z,111,Wednesday,FALSE,Spring,62
2007,D42,Shooting,2007-07-04T00:00:00Z,131,Wednesday,FALSE,Summer,86
2017,D42,Other,2017-12-12T00:00:00Z,132,Tuesday,FALSE,Winter,65
2014,D53,Stabbing,2014-11-29T00:00:00Z,55,Saturday,TRUE,Fall,58
2008,D31,Shooting,2008-07-26T00:00:00Z,23,Saturday,TRUE,Summer,70
2017,D51,Shooting,2017-12-16T00:00:00Z,77,Saturday,TRUE,Winter,65
2014,D53,Stabbing,2014-11-29T00:00:00Z,55,Saturday,TRUE,Fall,58
2008,D12,Shooting,2008-07-27T00:00:00Z,110,Sunday,TRUE,Summer,70
2018,D23,Other,2018-01-03T00:00:00Z,7,Wednesday,FALSE,Winter,97
2014,D53,Stabbing,2014-11-29T00:00:00Z,55,Saturday,TRUE,Fall,58
2008,D51,Stabbing,2008-08-02T00:00:00Z,73,Saturday,TRUE,Summer,70
2018,D23,Shooting,2018-01-09T00:00:00Z,8,Tuesday,FALSE,Winter,97
2014,D52,Shooting,2014-11-16T00:00:00Z,76,Sunday,TRUE,Fall,58
2008,D14,Other,2008-08-03T00:00:00Z,86,Sunday,TRUE,Summer,70
2004,D31,Stabbing,2004-02-20T00:00:00Z,26,Friday,FALSE,Winter,64
2014,D51,Stabbing,2014-12-01T00:00:00Z,71,Monday,FALSE,Winter,58
2008,D55,Stabbing,2008-08-03T00:00:00Z,64,Sunday,TRUE,Summer,70
2018,D22,Shooting,2018-01-19T00:00:00Z,11,Friday,FALSE,Winter,97
2014,D41,Stabbing,2014-12-04T00:00:00Z,127,Thursday,FALSE,Winter,58
2008,D42,Shooting,2008-08-10T00:00:00Z,128,Sunday,TRUE,Summer,70
2018,D22,Shooting,2018-01-19T00:00:00Z,11,Friday,FALSE,Winter,97
2014,D11,Stabbing,2014-12-09T00:00:00Z,88,Tuesday,FALSE,Winter,58
2008,D32,Shooting,2008-08-24T00:00:00Z,37,Sunday,TRUE,Summer,70
2018,D51,Stabbing,2018-01-29T00:00:00Z,76,Monday,FALSE,Winter,97
2014,D14,Other,2014-12-15T00:00:00Z,84,Monday,FALSE,Winter,58
2008,D42,Shooting,2008-08-26T00:00:00Z,132,Tuesday,FALSE,Summer,70
2017,D53,Other,2017-12-31T00:00:00Z,55,Sunday,TRUE,Winter,65
2015,D51,Stabbing,2015-01-10T00:00:00Z,75,Saturday,TRUE,Winter,59
2008,D23,Other,2008-05-28T00:00:00Z,1,Wednesday,FALSE,Spring,70
2008,D51,Other,2008-08-22T00:00:00Z,77,Friday,FALSE,Summer,70
2008,D33,Stabbing,2008-09-02T00:00:00Z,52,Tuesday,FALSE,Fall,70
2008,D12,Shooting,2008-09-08T00:00:00Z,110,Monday,FALSE,Fall,70
2008,D31,Stabbing,2008-09-08T00:00:00Z,22,Monday,FALSE,Fall,70
2008,D31,Shooting,2008-09-09T00:00:00Z,29,Tuesday,FALSE,Fall,70
2008,D31,Shooting,2008-09-16T00:00:00Z,24,Tuesday,FALSE,Fall,70
2008,D42,Stabbing,2008-09-16T00:00:00Z,118,Tuesday,FALSE,Fall,70
2008,D31,Shooting,2008-09-22T00:00:00Z,25,Monday,FALSE,Fall,70
2008,D22,Shooting,2008-10-03T00:00:00Z,9,Friday,FALSE,Fall,70
2008,D31,Other,2008-09-24T00:00:00Z,26,Wednesday,FALSE,Fall,70
2008,D31,Shooting,2008-10-09T00:00:00Z,26,Thursday,FALSE,Fall,70
2008,D14,Other,2008-10-11T00:00:00Z,82,Saturday,TRUE,Fall,70
2008,D42,Stabbing,2008-10-13T00:00:00Z,131,Monday,FALSE,Fall,70
2008,D42,Stabbing,2008-10-13T00:00:00Z,131,Monday,FALSE,Fall,70
2008,D43,Shooting,2008-10-14T00:00:00Z,139,Tuesday,FALSE,Fall,70
2008,D55,Shooting,2008-10-25T00:00:00Z,70,Saturday,TRUE,Fall,70
2008,D32,Shooting,2008-10-25T00:00:00Z,33,Saturday,TRUE,Fall,70
2008,D14,Other,2008-08-28T00:00:00Z,78,Thursday,FALSE,Summer,70
2008,D43,Stabbing,2008-11-18T00:00:00Z,135,Tuesday,FALSE,Fall,70
2008,D43,Stabbing,2008-11-18T00:00:00Z,135,Tuesday,FALSE,Fall,70
2008,D43,Stabbing,2008-11-18T00:00:00Z,135,Tuesday,FALSE,Fall,70
2008,D22,Other,2008-11-23T00:00:00Z,13,Sunday,TRUE,Fall,70
2008,D33,Shooting,2008-11-26T00:00:00Z,43,Wednesday,FALSE,Fall,70
2008,D22,Stabbing,2008-12-03T00:00:00Z,18,Wednesday,FALSE,Winter,70
2008,D12,Stabbing,2008-12-06T00:00:00Z,112,Saturday,TRUE,Winter,70
2008,D41,Other,2008-12-25T00:00:00Z,119,Thursday,FALSE,Winter,70
2009,D31,Shooting,2009-01-03T00:00:00Z,21,Saturday,TRUE,Winter,62
2009,D33,Shooting,2009-01-04T00:00:00Z,42,Sunday,TRUE,Winter,62
2009,D54,Other,2009-01-06T00:00:00Z,44,Tuesday,FALSE,Winter,62
2009,D12,Stabbing,2009-01-16T00:00:00Z,91,Friday,FALSE,Winter,62
2009,D12,Shooting,2009-01-20T00:00:00Z,110,Tuesday,FALSE,Winter,62
2009,D12,Shooting,2009-02-01T00:00:00Z,113,Sunday,TRUE,Winter,62
2009,D41,Shooting,2009-02-10T00:00:00Z,135,Tuesday,FALSE,Winter,62
2009,D31,Shooting,2009-02-22T00:00:00Z,24,Sunday,TRUE,Winter,62
2009,D41,Other,2009-07-11T00:00:00Z,126,Saturday,TRUE,Summer,62
2009,D12,Shooting,2009-02-26T00:00:00Z,110,Thursday,FALSE,Winter,62
2009,D41,Shooting,2009-02-28T00:00:00Z,126,Saturday,TRUE,Winter,62
2009,D31,Stabbing,2009-03-12T00:00:00Z,24,Thursday,FALSE,Spring,62
2009,D41,Stabbing,2009-04-02T00:00:00Z,124,Thursday,FALSE,Spring,62
2009,D55,Stabbing,2009-04-17T00:00:00Z,70,Friday,FALSE,Spring,62
2009,D12,Shooting,2009-04-21T00:00:00Z,110,Tuesday,FALSE,Spring,62
2009,D12,Shooting,2009-04-22T00:00:00Z,111,Wednesday,FALSE,Spring,62
2009,D11,Shooting,2009-05-01T00:00:00Z,114,Friday,FALSE,Spring,62
2009,D14,Stabbing,2009-05-05T00:00:00Z,84,Tuesday,FALSE,Spring,62
2009,D12,Shooting,2009-05-11T00:00:00Z,111,Monday,FALSE,Spring,62
2009,D55,Stabbing,2009-05-20T00:00:00Z,70,Wednesday,FALSE,Spring,62
2009,D23,Stabbing,2009-05-20T00:00:00Z,111,Wednesday,FALSE,Spring,62
2009,D12,Stabbing,2009-06-15T00:00:00Z,6,Monday,FALSE,Summer,62
2009,D32,Other,2009-06-17T00:00:00Z,31,Wednesday,FALSE,Summer,62
2009,D51,Stabbing,2009-06-21T00:00:00Z,70,Sunday,TRUE,Summer,62
2009,D51,Stabbing,2009-06-21T00:00:00Z,70,Sunday,TRUE,Summer,62
2009,D55,Other,2009-05-09T00:00:00Z,65,Saturday,TRUE,Spring,62
2009,D31,Other,2009-07-07T00:00:00Z,25,Tuesday,FALSE,Summer,62
2009,D43,Shooting,2009-07-19T00:00:00Z,131,Sunday,TRUE,Summer,62
2009,D42,Stabbing,2009-07-20T00:00:00Z,118,Monday,FALSE,Summer,62
2009,D14,Shooting,2009-07-25T00:00:00Z,79,Saturday,TRUE,Summer,62
2009,D53,Shooting,2009-08-01T00:00:00Z,95,Saturday,TRUE,Summer,62
2009,D23,Shooting,2009-08-02T00:00:00Z,1,Sunday,TRUE,Summer,62
2017,D52,Other,2017-12-31T00:00:00Z,55,Sunday,TRUE,Winter,65
2016,D53,Other,2016-04-22T00:00:00Z,55,Friday,FALSE,Spring,75
2015,D32,Stabbing,2015-01-17T00:00:00Z,50,Saturday,TRUE,Winter,59
2017,D33,Other,2017-12-15T00:00:00Z,40,Friday,FALSE,Winter,65
2017,D33,Other,2017-12-15T00:00:00Z,40,Friday,FALSE,Winter,65
2015,D32,Shooting,2015-01-27T00:00:00Z,31,Tuesday,FALSE,Winter,59
2018,D33,Shooting,2018-02-08T00:00:00Z,52,Thursday,FALSE,Winter,97
2015,D14,Shooting,2015-01-31T00:00:00Z,78,Saturday,TRUE,Winter,59
2018,D43,Shooting,2018-02-15T00:00:00Z,134,Thursday,FALSE,Winter,97
2015,D41,Other,2015-02-04T00:00:00Z,120,Wednesday,FALSE,Winter,59
2018,D13,Other,2018-02-26T00:00:00Z,94,Monday,FALSE,Winter,97
2015,D55,Shooting,2015-02-28T00:00:00Z,64,Saturday,TRUE,Winter,59
2018,D31,Shooting,2018-03-02T00:00:00Z,24,Friday,FALSE,Spring,97
2015,D55,Shooting,2015-02-28T00:00:00Z,64,Saturday,TRUE,Winter,59
2018,D33,Stabbing,2018-03-06T00:00:00Z,45,Tuesday,FALSE,Spring,97
2015,D23,Shooting,2015-03-17T00:00:00Z,6,Tuesday,FALSE,Spring,59
2018,D23,Shooting,2018-03-10T00:00:00Z,2,Saturday,TRUE,Spring,97
2015,D23,Stabbing,2015-03-21T00:00:00Z,7,Saturday,TRUE,Spring,59
2018,D23,Shooting,2018-03-16T00:00:00Z,8,Friday,FALSE,Spring,97
2015,D22,Other,2015-03-18T00:00:00Z,17,Wednesday,FALSE,Spring,59
2018,D32,Shooting,2018-03-17T00:00:00Z,31,Saturday,TRUE,Spring,97
2015,D23,Shooting,2015-03-30T00:00:00Z,2,Monday,FALSE,Spring,59
2018,D32,Shooting,2018-03-17T00:00:00Z,31,Saturday,TRUE,Spring,97
2015,D13,Other,2015-04-14T00:00:00Z,92,Tuesday,FALSE,Spring,59
2018,D41,Shooting,2018-04-06T00:00:00Z,45,Friday,FALSE,Spring,97
2015,D41,Stabbing,2015-04-23T00:00:00Z,122,Thursday,FALSE,Spring,59
2018,D54,Stabbing,2018-04-10T00:00:00Z,58,Tuesday,FALSE,Spring,97
2015,D54,Other,2015-04-09T00:00:00Z,61,Thursday,FALSE,Spring,59
2018,D41,Stabbing,2018-04-21T00:00:00Z,124,Saturday,TRUE,Spring,97
2015,D43,Stabbing,2015-05-08T00:00:00Z,136,Friday,FALSE,Spring,59
2018,D32,Other,2018-04-23T00:00:00Z,38,Monday,FALSE,Spring,97
2015,D54,Shooting,2015-05-19T00:00:00Z,65,Tuesday,FALSE,Spring,59
2015,D11,Other,2015-05-17T00:00:00Z,93,Sunday,TRUE,Spring,59
2015,D11,Shooting,2015-05-20T00:00:00Z,93,Wednesday,FALSE,Spring,59
2015,D43,Stabbing,2015-05-25T00:00:00Z,137,Monday,FALSE,Spring,59
2015,D43,Shooting,2015-06-01T00:00:00Z,137,Monday,FALSE,Summer,59
2015,D54,Stabbing,2015-05-30T00:00:00Z,60,Saturday,TRUE,Spring,59
2015,D51,Stabbing,2015-06-03T00:00:00Z,75,Wednesday,FALSE,Summer,59
2015,D12,Other,2015-06-12T00:00:00Z,111,Friday,FALSE,Summer,59
2015,D14,Shooting,2015-06-28T00:00:00Z,84,Sunday,TRUE,Summer,59
2015,D14,Shooting,2015-06-28T00:00:00Z,84,Sunday,TRUE,Summer,59
2015,D43,Stabbing,2015-07-12T00:00:00Z,123,Sunday,TRUE,Summer,59
2015,D13,Other,2015-07-10T00:00:00Z,93,Friday,FALSE,Summer,59
2015,D51,Stabbing,2015-08-03T00:00:00Z,74,Monday,FALSE,Summer,59
2015,D14,Shooting,2015-08-04T00:00:00Z,82,Tuesday,FALSE,Summer,59
2015,D14,Shooting,2015-08-04T00:00:00Z,82,Tuesday,FALSE,Summer,59
2015,D12,Stabbing,2015-08-07T00:00:00Z,91,Friday,FALSE,Summer,59
2015,D52,Shooting,2015-08-09T00:00:00Z,76,Sunday,TRUE,Summer,59
2015,D51,Shooting,2015-08-19T00:00:00Z,73,Wednesday,FALSE,Summer,59
2015,D12,Shooting,2015-08-19T00:00:00Z,28,Wednesday,FALSE,Summer,59
2015,D23,Shooting,2015-07-09T00:00:00Z,2,Thursday,FALSE,Summer,59
2015,D12,Stabbing,2015-09-06T00:00:00Z,111,Sunday,TRUE,Fall,59
2015,D43,Stabbing,2015-09-12T00:00:00Z,136,Saturday,TRUE,Fall,59
2015,D43,Stabbing,2015-09-22T00:00:00Z,135,Tuesday,FALSE,Fall,59
2015,D43,Shooting,2015-10-01T00:00:00Z,134,Thursday,FALSE,Fall,59
2015,D23,Shooting,2015-10-17T00:00:00Z,1,Saturday,TRUE,Fall,59
2015,D51,Shooting,2015-10-31T00:00:00Z,76,Saturday,TRUE,Fall,59
2015,D53,Shooting,2015-11-04T00:00:00Z,55,Wednesday,FALSE,Fall,59
2015,D55,Other,2015-11-10T00:00:00Z,64,Tuesday,FALSE,Fall,59
2015,D41,Other,2015-11-10T00:00:00Z,120,Tuesday,FALSE,Fall,59
2015,D51,Stabbing,2015-11-13T00:00:00Z,71,Friday,FALSE,Fall,59
2015,D42,Stabbing,2015-11-13T00:00:00Z,118,Friday,FALSE,Fall,59
2015,D23,Shooting,2015-11-17T00:00:00Z,1,Tuesday,FALSE,Fall,59
2015,D23,Shooting,2015-11-30T00:00:00Z,2,Monday,FALSE,Fall,59
2015,D52,Shooting,2015-12-11T00:00:00Z,77,Friday,FALSE,Winter,59
2015,D33,Shooting,2015-12-11T00:00:00Z,53,Friday,FALSE,Winter,59
2015,D51,Stabbing,2015-12-15T00:00:00Z,76,Tuesday,FALSE,Winter,59
2015,D31,Shooting,2015-12-15T00:00:00Z,21,Tuesday,FALSE,Winter,59
2015,D52,Stabbing,2015-12-11T00:00:00Z,76,Friday,FALSE,Winter,59
2015,D41,Other,2015-11-28T00:00:00Z,121,Saturday,TRUE,Fall,59
2015,D13,Other,2015-12-20T00:00:00Z,106,Sunday,TRUE,Winter,59
2015,D53,Other,2015-12-30T00:00:00Z,100,Wednesday,FALSE,Winter,59
2016,D54,Shooting,2016-01-04T00:00:00Z,61,Monday,FALSE,Winter,75
2016,D32,Other,2016-01-17T00:00:00Z,50,Sunday,TRUE,Winter,75
2016,D22,Shooting,2016-01-20T00:00:00Z,10,Wednesday,FALSE,Winter,75
2016,D42,Shooting,2016-01-20T00:00:00Z,117,Wednesday,FALSE,Winter,75
2016,D22,Shooting,2016-01-19T00:00:00Z,18,Tuesday,FALSE,Winter,75
2016,D43,Shooting,2016-01-24T00:00:00Z,127,Sunday,TRUE,Winter,75
2016,D13,Shooting,2016-01-29T00:00:00Z,31,Friday,FALSE,Winter,75
2016,D14,Shooting,2016-01-31T00:00:00Z,78,Sunday,TRUE,Winter,75
2016,D23,Other,2016-01-30T00:00:00Z,2,Saturday,TRUE,Winter,75
2016,D14,Shooting,2016-01-31T00:00:00Z,78,Sunday,TRUE,Winter,75
2016,D22,Stabbing,2016-02-03T00:00:00Z,13,Wednesday,FALSE,Winter,75
2016,D54,Other,2016-02-07T00:00:00Z,54,Sunday,TRUE,Winter,75
2016,D12,Stabbing,2016-02-09T00:00:00Z,113,Tuesday,FALSE,Winter,75
2016,D41,Stabbing,2016-02-27T00:00:00Z,120,Saturday,TRUE,Winter,75
2016,D23,Shooting,2016-02-28T00:00:00Z,8,Sunday,TRUE,Winter,75
2016,D11,Shooting,2016-02-29T00:00:00Z,139,Monday,FALSE,Winter,75
2016,D43,Other,2016-02-22T00:00:00Z,139,Monday,FALSE,Winter,75
2016,D52,Other,2016-03-04T00:00:00Z,78,Friday,FALSE,Spring,75
2016,D42,Shooting,2016-03-20T00:00:00Z,117,Sunday,TRUE,Spring,75
2016,D12,Other,2016-03-22T00:00:00Z,23,Tuesday,FALSE,Spring,75
2016,D55,Shooting,2016-03-23T00:00:00Z,70,Wednesday,FALSE,Spring,75
2016,D51,Shooting,2016-04-02T00:00:00Z,73,Saturday,TRUE,Spring,75
2016,D31,Other,2016-04-09T00:00:00Z,27,Saturday,TRUE,Spring,75
2016,D53,Shooting,2016-04-13T00:00:00Z,76,Wednesday,FALSE,Spring,75
2016,D22,Shooting,2016-04-14T00:00:00Z,17,Thursday,FALSE,Spring,75
2016,D54,Shooting,2016-04-17T00:00:00Z,65,Sunday,TRUE,Spring,75
2016,D41,Shooting,2016-04-29T00:00:00Z,119,Friday,FALSE,Spring,75
2016,D41,Shooting,2016-04-29T00:00:00Z,119,Friday,FALSE,Spring,75
2016,D23,Shooting,2016-05-15T00:00:00Z,1,Sunday,TRUE,Spring,75
2018,D32,Other,2018-04-23T00:00:00Z,38,Monday,FALSE,Spring,97
2018,D32,Other,2018-04-23T00:00:00Z,38,Monday,FALSE,Spring,97
2018,D32,Other,2018-04-23T00:00:00Z,38,Monday,FALSE,Spring,97
2018,D32,Other,2018-04-23T00:00:00Z,38,Monday,FALSE,Spring,97
2018,D32,Other,2018-04-23T00:00:00Z,38,Monday,FALSE,Spring,97
2018,D32,Other,2018-04-23T00:00:00Z,38,Monday,FALSE,Spring,97
2018,D32,Other,2018-04-23T00:00:00Z,38,Monday,FALSE,Spring,97
2018,D32,Other,2018-04-23T00:00:00Z,38,Monday,FALSE,Spring,97
2018,D32,Other,2018-04-23T00:00:00Z,38,Monday,FALSE,Spring,97
2018,D41,Stabbing,2018-05-06T00:00:00Z,122,Sunday,TRUE,Spring,97
2018,D22,Shooting,2018-05-07T00:00:00Z,10,Monday,FALSE,Spring,97
2018,D43,Shooting,2018-05-20T00:00:00Z,135,Sunday,TRUE,Spring,97
2018,D52,Shooting,2018-05-20T00:00:00Z,76,Sunday,TRUE,Spring,97
2018,D14,Stabbing,2018-05-23T00:00:00Z,95,Wednesday,FALSE,Spring,97
2018,D54,Other,2018-05-25T00:00:00Z,57,Friday,FALSE,Spring,97
2018,D55,Stabbing,2018-05-25T00:00:00Z,62,Friday,FALSE,Spring,97
2018,D42,Shooting,2018-05-28T00:00:00Z,132,Monday,FALSE,Spring,97
2018,D53,Shooting,2018-05-28T00:00:00Z,95,Monday,FALSE,Spring,97
2018,D52,Shooting,2018-05-30T00:00:00Z,76,Wednesday,FALSE,Spring,97
2018,D22,Shooting,2018-06-05T00:00:00Z,18,Tuesday,FALSE,Summer,97
2018,D11,Stabbing,2018-06-09T00:00:00Z,84,Saturday,TRUE,Summer,97
2018,D14,Other,2018-06-09T00:00:00Z,82,Saturday,TRUE,Summer,97
2018,D11,Other,2018-06-13T00:00:00Z,86,Wednesday,FALSE,Summer,97
2018,D41,Stabbing,2018-06-16T00:00:00Z,123,Saturday,TRUE,Summer,97
2018,D53,Other,2018-06-18T00:00:00Z,75,Monday,FALSE,Summer,97
2018,D32,Shooting,2018-06-24T00:00:00Z,32,Sunday,TRUE,Summer,97
2018,D23,Shooting,2018-06-24T00:00:00Z,3,Sunday,TRUE,Summer,97
2018,D23,Shooting,2018-06-24T00:00:00Z,3,Sunday,TRUE,Summer,97
2018,D23,Stabbing,2018-06-23T00:00:00Z,1,Saturday,TRUE,Summer,97
2018,D51,Shooting,2018-06-25T00:00:00Z,73,Monday,FALSE,Summer,97
2018,D52,Shooting,2018-06-30T00:00:00Z,77,Saturday,TRUE,Summer,97
2018,D52,Shooting,2018-06-30T00:00:00Z,77,Saturday,TRUE,Summer,97
2018,D54,Stabbing,2018-07-01T00:00:00Z,69,Sunday,TRUE,Summer,97
2018,D14,Shooting,2018-07-01T00:00:00Z,78,Sunday,TRUE,Summer,97
2018,D31,Shooting,2018-07-08T00:00:00Z,24,Sunday,TRUE,Summer,97
2018,D31,Shooting,2018-07-09T00:00:00Z,24,Monday,FALSE,Summer,97
2018,D41,Other,2018-07-05T00:00:00Z,120,Thursday,FALSE,Summer,97
2018,D54,Shooting,2018-07-23T00:00:00Z,68,Monday,FALSE,Summer,97
2018,D55,Stabbing,2018-07-21T00:00:00Z,70,Saturday,TRUE,Summer,97
2018,D54,Shooting,2018-07-23T00:00:00Z,68,Monday,FALSE,Summer,97
2018,D31,Shooting,2018-07-25T00:00:00Z,21,Wednesday,FALSE,Summer,97
2012,D51,Other,2012-10-18T00:00:00Z,75,Thursday,FALSE,Fall,57
2015,D43,Other,2015-10-15T00:00:00Z,137,Thursday,FALSE,Fall,59
2010,D52,Other,2010-09-06T00:00:00Z,55,Monday,FALSE,Fall,65
2010,D52,Other,2010-12-29T00:00:00Z,55,Wednesday,FALSE,Winter,65
2015,D52,Other,2015-12-14T00:00:00Z,55,Monday,FALSE,Winter,59
2018,D23,Shooting,2018-08-15T00:00:00Z,1,Wednesday,FALSE,Summer,97
2018,D23,Stabbing,2018-08-18T00:00:00Z,6,Saturday,TRUE,Summer,97
2018,D22,Stabbing,2018-08-18T00:00:00Z,14,Saturday,TRUE,Summer,97
2018,D51,Shooting,2018-08-19T00:00:00Z,73,Sunday,TRUE,Summer,97
2018,D54,Shooting,2018-08-22T00:00:00Z,69,Wednesday,FALSE,Summer,97
2018,D12,Shooting,2018-08-22T00:00:00Z,115,Wednesday,FALSE,Summer,97
2018,D22,Other,2018-08-13T00:00:00Z,18,Monday,FALSE,Summer,97
2018,D12,Stabbing,2018-08-24T00:00:00Z,113,Friday,FALSE,Summer,97
2018,D42,Other,2018-08-24T00:00:00Z,129,Friday,FALSE,Summer,97
2018,D51,Other,2018-08-29T00:00:00Z,72,Wednesday,FALSE,Summer,97
2018,D22,Stabbing,2018-08-18T00:00:00Z,14,Saturday,TRUE,Summer,97
2018,D41,Shooting,2018-08-31T00:00:00Z,120,Friday,FALSE,Summer,97
2018,D42,Shooting,2018-09-02T00:00:00Z,132,Sunday,TRUE,Fall,97
2018,D14,Shooting,2018-09-02T00:00:00Z,82,Sunday,TRUE,Fall,97
2018,D12,Shooting,2018-09-08T00:00:00Z,91,Saturday,TRUE,Fall,97
2018,D11,Other,2018-09-08T00:00:00Z,86,Saturday,TRUE,Fall,97
2018,D23,Stabbing,2018-09-11T00:00:00Z,7,Tuesday,FALSE,Fall,97
2018,D43,Shooting,2018-09-14T00:00:00Z,138,Friday,FALSE,Fall,97
2018,D42,Shooting,2018-09-18T00:00:00Z,128,Tuesday,FALSE,Fall,97
2018,D32,Stabbing,2018-09-19T00:00:00Z,36,Wednesday,FALSE,Fall,97
2018,D33,Shooting,2018-09-24T00:00:00Z,53,Monday,FALSE,Fall,97
2018,D51,Shooting,2018-09-25T00:00:00Z,72,Tuesday,FALSE,Fall,97
2018,D31,Shooting,2018-10-02T00:00:00Z,27,Tuesday,FALSE,Fall,97
2018,D42,Shooting,2018-10-03T00:00:00Z,118,Wednesday,FALSE,Fall,97
2018,D55,Other,2018-10-04T00:00:00Z,70,Thursday,FALSE,Fall,97
2018,D31,Shooting,2018-10-11T00:00:00Z,26,Thursday,FALSE,Fall,97
2018,D41,Stabbing,2018-10-20T00:00:00Z,124,Saturday,TRUE,Fall,97
2018,D41,Other,2018-10-18T00:00:00Z,120,Thursday,FALSE,Fall,97
2018,D51,Other,2018-10-12T00:00:00Z,75,Friday,FALSE,Fall,97
2018,D31,Shooting,2018-11-14T00:00:00Z,23,Wednesday,FALSE,Fall,97
2018,D43,Shooting,2018-11-18T00:00:00Z,136,Sunday,TRUE,Fall,97
2018,D51,Other,2018-11-16T00:00:00Z,73,Friday,FALSE,Fall,97
2018,D51,Stabbing,2018-12-06T00:00:00Z,73,Thursday,FALSE,Winter,97
2018,D23,Shooting,2018-12-12T00:00:00Z,6,Wednesday,FALSE,Winter,97
2018,D31,Shooting,2018-12-18T00:00:00Z,24,Tuesday,FALSE,Winter,97
2018,D14,Shooting,2018-12-19T00:00:00Z,77,Wednesday,FALSE,Winter,97
2018,D23,Shooting,2018-12-21T00:00:00Z,2,Friday,FALSE,Winter,97
2019,D41,Stabbing,2019-01-06T00:00:00Z,124,Sunday,TRUE,Winter,79
2019,D23,Shooting,2019-01-09T00:00:00Z,4,Wednesday,FALSE,Winter,79
2019,D41,Stabbing,2019-01-08T00:00:00Z,120,Tuesday,FALSE,Winter,79
2019,D41,Shooting,2019-01-12T00:00:00Z,126,Saturday,TRUE,Winter,79
2019,D12,Stabbing,2019-01-24T00:00:00Z,111,Thursday,FALSE,Winter,79
2019,D51,Shooting,2019-02-08T00:00:00Z,73,Friday,FALSE,Winter,79
2019,D43,Shooting,2019-02-12T00:00:00Z,136,Tuesday,FALSE,Winter,79
2019,D23,Shooting,2019-02-13T00:00:00Z,4,Wednesday,FALSE,Winter,79
2019,D22,Shooting,2019-02-10T00:00:00Z,17,Sunday,TRUE,Winter,79
2019,D23,Shooting,2019-02-24T00:00:00Z,2,Sunday,TRUE,Winter,79
2019,D53,Other,2019-03-04T00:00:00Z,104,Monday,FALSE,Spring,79
2019,D31,Shooting,2019-03-11T00:00:00Z,26,Monday,FALSE,Spring,79
2019,D11,Other,2019-03-13T00:00:00Z,91,Wednesday,FALSE,Spring,79
2019,D23,Other,2019-03-18T00:00:00Z,7,Monday,FALSE,Spring,79
2019,D11,Shooting,2019-03-19T00:00:00Z,93,Tuesday,FALSE,Spring,79
2019,D53,Shooting,2019-03-08T00:00:00Z,100,Friday,FALSE,Spring,79
2019,D52,Stabbing,2019-04-10T00:00:00Z,76,Wednesday,FALSE,Spring,79
2019,D12,Stabbing,2019-04-15T00:00:00Z,110,Monday,FALSE,Spring,79
2019,D13,Shooting,2019-04-21T00:00:00Z,107,Sunday,TRUE,Spring,79
2019,D43,Shooting,2019-04-28T00:00:00Z,135,Sunday,TRUE,Spring,79
2019,D23,Shooting,2019-05-01T00:00:00Z,1,Wednesday,FALSE,Spring,79
2019,D22,Other,2019-04-28T00:00:00Z,11,Sunday,TRUE,Spring,79
2019,D31,Shooting,2019-05-03T00:00:00Z,21,Friday,FALSE,Spring,79
2019,D43,Stabbing,2019-05-05T00:00:00Z,140,Sunday,TRUE,Spring,79
2019,D14,Other,2019-05-21T00:00:00Z,93,Tuesday,FALSE,Spring,79
2019,D52,Stabbing,2019-06-08T00:00:00Z,76,Saturday,TRUE,Summer,79
2019,D51,Other,2019-06-06T00:00:00Z,75,Thursday,FALSE,Summer,79
2019,D43,Shooting,2019-06-27T00:00:00Z,136,Thursday,FALSE,Summer,79
2019,D52,Shooting,2019-06-30T00:00:00Z,77,Sunday,TRUE,Summer,79
2019,D12,Shooting,2019-06-29T00:00:00Z,115,Saturday,TRUE,Summer,79
2019,D12,Shooting,2019-06-29T00:00:00Z,115,Saturday,TRUE,Summer,79
2019,D33,Stabbing,2019-06-27T00:00:00Z,45,Thursday,FALSE,Summer,79
2019,D51,Other,2019-07-01T00:00:00Z,73,Monday,FALSE,Summer,79
2019,D14,Other,2019-07-18T00:00:00Z,83,Thursday,FALSE,Summer,79
2019,D12,Shooting,2019-08-02T00:00:00Z,28,Friday,FALSE,Summer,79
2019,D13,Stabbing,2019-08-07T00:00:00Z,94,Wednesday,FALSE,Summer,79
2019,D54,Shooting,2019-08-09T00:00:00Z,43,Friday,FALSE,Summer,79
2019,D11,Shooting,2019-08-16T00:00:00Z,87,Friday,FALSE,Summer,79
2019,D12,Shooting,2019-08-21T00:00:00Z,115,Wednesday,FALSE,Summer,79
2019,D12,Shooting,2019-08-19T00:00:00Z,23,Monday,FALSE,Summer,79
2019,D31,Shooting,2019-08-25T00:00:00Z,21,Sunday,TRUE,Summer,79
2019,D31,Other,2019-09-04T00:00:00Z,26,Wednesday,FALSE,Fall,79
2019,D43,Other,2019-09-03T00:00:00Z,127,Tuesday,FALSE,Fall,79
2019,D42,Other,2019-04-03T00:00:00Z,118,Wednesday,FALSE,Spring,79
2019,D43,Stabbing,2019-09-11T00:00:00Z,134,Wednesday,FALSE,Fall,79
2019,D13,Shooting,2019-09-16T00:00:00Z,31,Monday,FALSE,Fall,79
2019,D42,Shooting,2019-09-19T00:00:00Z,130,Thursday,FALSE,Fall,79
2019,D41,Other,2019-09-22T00:00:00Z,126,Sunday,TRUE,Fall,79
2019,D22,Shooting,2019-09-24T00:00:00Z,13,Tuesday,FALSE,Fall,79
2019,D51,Other,2019-09-24T00:00:00Z,76,Tuesday,FALSE,Fall,79
2019,D23,Other,2019-12-11T00:00:00Z,1,Wednesday,FALSE,Winter,79
2019,D23,Shooting,2019-09-29T00:00:00Z,2,Sunday,TRUE,Fall,79
2019,D31,Shooting,2019-10-01T00:00:00Z,25,Tuesday,FALSE,Fall,79
2019,D31,Shooting,2019-10-01T00:00:00Z,25,Tuesday,FALSE,Fall,79
2019,D52,Stabbing,2019-10-02T00:00:00Z,76,Wednesday,FALSE,Fall,79
2019,D54,Other,2019-10-07T00:00:00Z,60,Monday,FALSE,Fall,79
2019,D23,Shooting,2019-10-14T00:00:00Z,2,Monday,FALSE,Fall,79
2019,D33,Shooting,2019-10-17T00:00:00Z,48,Thursday,FALSE,Fall,79
2019,D11,Shooting,2019-10-19T00:00:00Z,87,Saturday,TRUE,Fall,79
2019,D53,Other,2019-10-26T00:00:00Z,104,Saturday,TRUE,Fall,79
2019,D53,Stabbing,2019-10-31T00:00:00Z,95,Thursday,FALSE,Fall,79
2019,D22,Shooting,2019-11-04T00:00:00Z,14,Monday,FALSE,Fall,79
2019,D54,Shooting,2019-11-05T00:00:00Z,61,Tuesday,FALSE,Fall,79
2019,D12,Shooting,2019-11-07T00:00:00Z,113,Thursday,FALSE,Fall,79
2019,D13,Shooting,2019-11-16T00:00:00Z,107,Saturday,TRUE,Fall,79
2019,D43,Shooting,2019-11-23T00:00:00Z,138,Saturday,TRUE,Fall,79
2019,D31,Shooting,2019-12-07T00:00:00Z,21,Saturday,TRUE,Winter,79
2019,D33,Shooting,2019-12-11T00:00:00Z,49,Wednesday,FALSE,Winter,79
2019,D31,Shooting,2019-12-15T00:00:00Z,26,Sunday,TRUE,Winter,79
2019,D41,Stabbing,2019-12-10T00:00:00Z,119,Tuesday,FALSE,Winter,79
2019,D12,Other,2019-12-20T00:00:00Z,113,Friday,FALSE,Winter,79
2019,D14,Other,2019-12-22T00:00:00Z,79,Sunday,TRUE,Winter,79
2019,D14,Stabbing,2019-12-23T00:00:00Z,85,Monday,FALSE,Winter,79
2019,D51,Stabbing,2019-12-22T00:00:00Z,73,Sunday,TRUE,Winter,79
2019,D22,Shooting,2019-12-27T00:00:00Z,13,Friday,FALSE,Winter,79
2019,D43,Shooting,2019-12-29T00:00:00Z,138,Sunday,TRUE,Winter,79
2020,D51,Shooting,2020-01-01T00:00:00Z,72,Wednesday,FALSE,Winter,71
2019,D42,Shooting,2019-12-31T00:00:00Z,132,Tuesday,FALSE,Winter,79
2019,D42,Stabbing,2019-12-19T00:00:00Z,118,Thursday,FALSE,Winter,79
2020,D43,Shooting,2020-01-11T00:00:00Z,135,Saturday,TRUE,Winter,71
2020,D42,Stabbing,2020-01-13T00:00:00Z,118,Monday,FALSE,Winter,71
2020,D43,Shooting,2020-01-20T00:00:00Z,137,Monday,FALSE,Winter,71
2020,D13,Other,2020-01-20T00:00:00Z,107,Monday,FALSE,Winter,71
2020,D43,Shooting,2020-01-25T00:00:00Z,139,Saturday,TRUE,Winter,71
2020,D14,Shooting,2020-01-31T00:00:00Z,77,Friday,FALSE,Winter,71
2020,D14,Shooting,2020-01-31T00:00:00Z,77,Friday,FALSE,Winter,71
2020,D54,Shooting,2020-02-05T00:00:00Z,65,Wednesday,FALSE,Winter,71
2018,D41,Other,2018-04-08T00:00:00Z,119,Sunday,TRUE,Spring,97
2020,D22,Shooting,2020-02-07T00:00:00Z,13,Friday,FALSE,Winter,71
2020,D42,Other,2020-02-21T00:00:00Z,128,Friday,FALSE,Winter,71
2020,D32,Stabbing,2020-02-24T00:00:00Z,26,Monday,FALSE,Winter,71
2020,D42,Shooting,2020-03-13T00:00:00Z,128,Friday,FALSE,Spring,71
2020,D13,Stabbing,2020-03-15T00:00:00Z,107,Sunday,TRUE,Spring,71
2020,D41,Shooting,2020-03-18T00:00:00Z,120,Wednesday,FALSE,Spring,71
2020,D51,Shooting,2020-03-21T00:00:00Z,76,Saturday,TRUE,Spring,71
2020,D12,Other,2020-03-11T00:00:00Z,115,Wednesday,FALSE,Spring,71
2020,D42,Other,2020-04-05T00:00:00Z,117,Sunday,TRUE,Spring,71
2020,D53,Shooting,2020-04-05T00:00:00Z,55,Sunday,TRUE,Spring,71
2020,D13,Shooting,2020-04-08T00:00:00Z,94,Wednesday,FALSE,Spring,71
2020,D43,Other,2020-04-05T00:00:00Z,137,Sunday,TRUE,Spring,71
2020,D33,Other,2020-04-14T00:00:00Z,52,Tuesday,FALSE,Spring,71
2020,D22,Other,2020-04-21T00:00:00Z,17,Tuesday,FALSE,Spring,71
2020,D31,Shooting,2020-04-26T00:00:00Z,25,Sunday,TRUE,Spring,71
2019,D43,Other,2019-12-11T00:00:00Z,123,Wednesday,FALSE,Winter,79
2020,D41,Shooting,2020-05-02T00:00:00Z,119,Saturday,TRUE,Spring,71
2020,D53,Other,2020-05-14T00:00:00Z,104,Thursday,FALSE,Spring,71
2020,D23,Shooting,2020-05-14T00:00:00Z,2,Thursday,FALSE,Spring,71
2020,D42,Shooting,2020-05-17T00:00:00Z,46,Sunday,TRUE,Spring,71
2020,D41,Other,2020-05-19T00:00:00Z,138,Tuesday,FALSE,Spring,71
2020,D52,Shooting,2020-05-26T00:00:00Z,77,Tuesday,FALSE,Spring,71
2020,D23,Shooting,2020-05-30T00:00:00Z,1,Saturday,TRUE,Spring,71
2020,D53,Shooting,2020-06-09T00:00:00Z,55,Tuesday,FALSE,Summer,71
2020,D13,Shooting,2020-06-19T00:00:00Z,92,Friday,FALSE,Summer,71
2020,D51,Stabbing,2020-06-25T00:00:00Z,71,Thursday,FALSE,Summer,71
2020,D42,Shooting,2020-07-04T00:00:00Z,117,Saturday,TRUE,Summer,71
2020,D12,Shooting,2020-07-10T00:00:00Z,111,Friday,FALSE,Summer,71
2020,D43,Shooting,2020-07-10T00:00:00Z,127,Friday,FALSE,Summer,71
2020,D51,Other,2020-07-09T00:00:00Z,73,Thursday,FALSE,Summer,71
2020,D54,Other,2020-08-03T00:00:00Z,59,Monday,FALSE,Summer,71
2020,D14,Stabbing,2020-08-09T00:00:00Z,81,Sunday,TRUE,Summer,71
2020,D43,Shooting,2020-08-12T00:00:00Z,138,Wednesday,FALSE,Summer,71
2020,D14,Stabbing,2020-08-11T00:00:00Z,82,Tuesday,FALSE,Summer,71
2020,D32,Shooting,2020-08-20T00:00:00Z,51,Thursday,FALSE,Summer,71
2020,D51,Stabbing,2020-08-26T00:00:00Z,73,Wednesday,FALSE,Summer,71
2020,D43,Stabbing,2020-08-22T00:00:00Z,136,Saturday,TRUE,Summer,71
2020,D43,Stabbing,2020-08-22T00:00:00Z,136,Saturday,TRUE,Summer,71
2020,D31,Shooting,2020-09-02T00:00:00Z,27,Wednesday,FALSE,Fall,71
2020,D23,Stabbing,2020-09-07T00:00:00Z,1,Monday,FALSE,Fall,71
2020,D11,Shooting,2020-09-10T00:00:00Z,111,Thursday,FALSE,Fall,71
2020,D23,Stabbing,2020-09-12T00:00:00Z,1,Saturday,TRUE,Fall,71
2020,D12,Stabbing,2020-09-12T00:00:00Z,113,Saturday,TRUE,Fall,71
2020,D12,Stabbing,2020-09-12T00:00:00Z,113,Saturday,TRUE,Fall,71
2020,D42,Shooting,2020-09-20T00:00:00Z,132,Sunday,TRUE,Fall,71
2020,D31,Shooting,2020-09-24T00:00:00Z,24,Thursday,FALSE,Fall,71
2020,D23,Shooting,2020-09-27T00:00:00Z,2,Sunday,TRUE,Fall,71
2020,D12,Shooting,2020-10-01T00:00:00Z,113,Thursday,FALSE,Fall,71
2020,D31,Shooting,2020-10-03T00:00:00Z,26,Saturday,TRUE,Fall,71
2020,D32,Shooting,2020-10-07T00:00:00Z,32,Wednesday,FALSE,Fall,71
2020,D33,Other,2020-09-28T00:00:00Z,47,Monday,FALSE,Fall,71
2020,D41,Shooting,2020-10-25T00:00:00Z,121,Sunday,TRUE,Fall,71
2020,D31,Shooting,2020-09-27T00:00:00Z,24,Sunday,TRUE,Fall,71
2020,D31,Shooting,2020-11-07T00:00:00Z,24,Saturday,TRUE,Fall,71
2020,D43,Stabbing,2020-11-16T00:00:00Z,131,Monday,FALSE,Fall,71
2020,D14,Stabbing,2020-11-18T00:00:00Z,80,Wednesday,FALSE,Fall,71
2020,D33,Stabbing,2020-11-22T00:00:00Z,45,Sunday,TRUE,Fall,71
2020,D13,Shooting,2020-12-02T00:00:00Z,31,Wednesday,FALSE,Winter,71
2020,D14,Other,2020-12-06T00:00:00Z,83,Sunday,TRUE,Winter,71
2020,D52,Other,2020-12-08T00:00:00Z,81,Tuesday,FALSE,Winter,71
2020,D55,Stabbing,2020-12-08T00:00:00Z,65,Tuesday,FALSE,Winter,71
2020,D53,Other,2020-12-18T00:00:00Z,104,Friday,FALSE,Winter,71
2020,D33,Stabbing,2020-12-21T00:00:00Z,47,Monday,FALSE,Winter,71
